,G1.1,G1.2,G1.3,G1.4,G2.1,G2.2,G2.3,G2.4,G7.1,G7.2,G7.3,G13.1,G13.2,G15.1,G15.2,G15.3,G15.4,G15.5,G15.6,G16,G18,G21,G22.1,G22.2,G22.3,G22.4,G22.5,G22.6,G23.1,G23.2,G23.3,F_BUS,T_BUS,TYPE,DONE,TAP,Total,Error
E1_PF,0.6634507953173254,0.6634507953173254,5.042226044411674,5.042226044411674,0.0,0.0,0.0,0.0,0.0,0.0,0.0,0.0,0.0,0.009835997868583291,0.009835997868583291,0.009835997868583291,0.009835997868583291,0.009835997868583291,0.12704830580253415,0.0,0.0,0.253259449134412,0.01651081170899783,0.01651081170899783,0.01651081170899783,0.01651081170899783,0.01651081170899783,0.01651081170899783,0.0,0.0,0.0,1,2,E,True,1.0,11.939906293991843,-5.329070518200751e-15
E1_PT,0.6632518619748948,0.6632518619748948,5.040714151009201,5.040714151009201,0.0,0.0,0.0,0.0,0.0,0.0,0.0,0.0,0.0,0.009833048579885548,0.009833048579885548,0.009833048579885548,0.009833048579885548,0.009833048579885548,0.12701021082352162,0.0,0.0,0.2531835101965525,0.01650586100129999,0.01650586100129999,0.01650586100129999,0.01650586100129999,0.01650586100129999,0.01650586100129999,0.0,0.0,0.0,1,2,E,True,1.0,11.93632615589549,-3.552713678800501e-15
E2_PF,0.0,0.0,0.0,0.0,0.0,0.0,0.0,0.0,0.0,0.0,0.0,0.0,0.0,0.15461073253523816,0.15461073253523816,0.15461073253523816,0.15461073253523816,0.15461073253523816,1.9970552952468263,0.0,0.0,3.9809513457918406,0.259531236910203,0.259531236910203,0.259531236910203,0.259531236910203,0.259531236910203,0.259531236910203,0.0,0.0,0.0,3,1,E,True,1.0,8.308247725176077,1.7763568394002505e-15
E2_PT,0.0,0.0,0.0,0.0,0.0,0.0,0.0,0.0,0.0,0.0,0.0,0.0,0.0,0.14825512212821718,0.14825512212821718,0.14825512212821718,0.14825512212821718,0.14825512212821718,1.9149619941561384,0.0,0.0,3.817305682982551,0.24886264099059197,0.24886264099059197,0.24886264099059197,0.24886264099059197,0.24886264099059197,0.24886264099059197,0.0,0.0,0.0,3,1,E,True,1.0,7.966719133723328,8.881784197001252e-16
E3_PF,3.3354396373223603,3.3354396373223603,25.34934124364994,25.34934124364994,0.0,0.0,0.0,0.0,0.0,0.0,0.0,0.0,0.0,0.049449601078252296,0.049449601078252296,0.049449601078252296,0.049449601078252296,0.049449601078252296,0.6387240139274255,0.0,0.0,1.2732392682795906,0.08300663170087448,0.08300663170087448,0.08300663170087448,0.08300663170087448,0.08300663170087448,0.08300663170087448,0.0,0.0,0.0,1,5,E,True,1.0,60.02681283974812,-7.105427357601002e-15
E3_PT,3.294280007650133,3.294280007650133,25.036528058141013,25.036528058141013,0.0,0.0,0.0,0.0,0.0,0.0,0.0,0.0,0.0,0.04883938848587147,0.04883938848587147,0.04883938848587147,0.04883938848587147,0.04883938848587147,0.6308421012758398,0.0,0.0,1.2575273794538655,0.08198232228663196,0.08198232228663196,0.08198232228663196,0.08198232228663196,0.08198232228663196,0.08198232228663196,0.0,0.0,0.0,1,5,E,True,1.0,59.28607648846118,2.842170943040401e-14
E4_PF,0.1385948426240336,0.1385948426240336,1.0533208039426556,1.0533208039426556,2.0896261370658564,2.0896261370658564,15.881158641700509,15.881158641700509,0.0,0.0,0.0,0.0,0.0,0.0020547395319567142,0.0020547395319567142,0.0020547395319567142,0.0020547395319567142,0.0020547395319567142,0.02654038562110755,0.0,0.0,0.052905888038079586,0.003449107856309247,0.003449107856309247,0.003449107856309247,0.003449107856309247,0.003449107856309247,0.003449107856309247,0.0,0.0,0.0,2,4,E,True,1.0,38.435815469122964,2.842170943040401e-14
E4_PT,0.13647740908935452,0.13647740908935452,1.0372283090790946,1.0372283090790946,2.0577011074342133,2.0577011074342133,15.638528416500023,15.638528416500023,0.0,0.0,0.0,0.0,0.0,0.002023347495228491,0.002023347495228491,0.002023347495228491,0.002023347495228491,0.002023347495228491,0.026134905146701335,0.0,0.0,0.052097598931552754,0.003396412846153019,0.003396412846153019,0.003396412846153019,0.003396412846153019,0.003396412846153019,0.003396412846153019,0.0,0.0,0.0,2,4,E,True,1.0,37.84859820283668,0.0
E5_PF,0.1748869007663091,0.1748869007663091,1.3291404458239495,1.3291404458239495,2.636809797194793,2.636809797194793,20.039754458680427,20.039754458680427,0.0,0.0,0.0,0.0,0.0,0.002592787883173456,0.002592787883173456,0.002592787883173456,0.002592787883173456,0.002592787883173456,0.03349017682432379,0.0,0.0,0.06675967601744373,0.0043522815999363276,0.0043522815999363276,0.0043522815999363276,0.0043522815999363276,0.0043522815999363276,0.0043522815999363276,0.0,0.0,0.0,2,6,E,True,1.0,48.5005106867882,-7.105427357601002e-15
E5_PT,0.17094648143143573,0.17094648143143573,1.2991932588789117,1.2991932588789117,2.5773991937606704,2.5773991937606704,19.588233872581096,19.588233872581096,0.0,0.0,0.0,0.0,0.0,0.0025343691482006517,0.0025343691482006517,0.0025343691482006517,0.0025343691482006517,0.0025343691482006517,0.03273560149759174,0.0,0.0,0.06525549750540909,0.0042542192837076295,0.0042542192837076295,0.0042542192837076295,0.0042542192837076295,0.0042542192837076295,0.0042542192837076295,0.0,0.0,0.0,2,6,E,True,1.0,47.40773387375049,7.105427357601002e-15
E6_PF,0.0,0.0,0.0,0.0,0.0,0.0,0.0,0.0,0.0,0.0,0.0,0.0,0.0,0.42611595872385644,0.42611595872385644,0.42611595872385644,0.42611595872385644,0.42611595872385644,5.5039978001831456,0.0,0.0,10.97172797469602,0.7152828268863821,0.7152828268863821,0.7152828268863821,0.7152828268863821,0.7152828268863821,0.7152828268863821,0.0,0.0,0.0,3,9,E,True,1.0,22.89800252981675,1.0658141036401503e-14
E6_PT,0.0,0.0,0.0,0.0,0.0,0.0,0.0,0.0,0.0,0.0,0.0,0.0,0.0,0.42165116402235225,0.42165116402235225,0.42165116402235225,0.42165116402235225,0.42165116402235225,5.446327535288717,0.0,0.0,10.856767452976829,0.7077881745266735,0.7077881745266735,0.7077881745266735,0.7077881745266735,0.7077881745266735,0.7077881745266735,0.0,0.0,0.0,3,9,E,True,1.0,22.658079855537345,-3.552713678800501e-15
E7_PF,0.0,0.0,0.0,0.0,0.0,0.0,0.0,0.0,0.0,0.0,0.0,0.0,0.0,3.9511122367891467,3.9511122367891467,3.9511122367891467,3.9511122367891467,3.9511122367891467,51.035199725193145,0.0,0.0,101.73411197592922,6.63237945497227,6.63237945497227,6.63237945497227,6.63237945497227,6.63237945497227,6.63237945497227,0.0,0.0,0.0,24,3,E,True,1.03,212.3191496149017,-2.842170943040401e-14
E7_PT,0.0,0.0,0.0,0.0,0.0,0.0,0.0,0.0,0.0,0.0,0.0,0.0,0.0,3.9304019509381587,3.9304019509381587,3.9304019509381587,3.9304019509381587,3.9304019509381587,50.76769186628455,0.0,0.0,101.2008589541092,6.597614946612892,6.597614946612892,6.597614946612892,6.597614946612892,6.597614946612892,6.597614946612892,0.0,0.0,0.0,24,3,E,True,1.03,211.2062502547618,-8.526512829121202e-14
E8_PF,0.0,0.0,0.0,0.0,0.0,0.0,0.0,0.0,0.0,0.0,0.0,2.0360534093320792,2.0360534093320792,0.09838501817659501,0.09838501817659501,0.09838501817659501,0.09838501817659501,0.09838501817659501,1.2708064847810188,2.7186837005495907,2.4935373832530225,3.0735563304521594,0.6027929756064418,0.6027929756064418,0.6027929756064418,0.6027929756064418,0.6027929756064418,0.6027929756064418,4.410048266241967,4.410048266241967,9.958173504417346,9,4,E,True,1.0,36.51564369912285,-7.105427357601002e-15
E8_PT,0.0,0.0,0.0,0.0,0.0,0.0,0.0,0.0,0.0,0.0,0.0,2.0157438682356488,2.0157438682356488,0.09740363204950608,0.09740363204950608,0.09740363204950608,0.09740363204950608,0.09740363204950608,1.2581302473061202,2.6915649530297894,2.4686644601123295,3.04289774442519,0.5967801428120729,0.5967801428120729,0.5967801428120729,0.5967801428120729,0.5967801428120729,0.5967801428120729,4.366058233323399,4.366058233323399,9.858841172020579,9,4,E,True,1.0,36.15140179713207,0.0
E9_PF,0.0,0.0,0.0,0.0,0.0,0.0,0.0,0.0,0.0,0.0,0.0,0.7238750726775438,0.7238750726775438,0.013164483576628798,0.013164483576628798,0.013164483576628798,0.013164483576628798,0.013164483576628798,0.17004124619812191,0.9789160020466081,0.8978476038512166,0.533513932685623,0.17968002577646675,0.17968002577646675,0.17968002577646675,0.17968002577646675,0.17968002577646675,0.17968002577646675,1.5470816070509668,1.5470816070509668,3.493410080437668,10,5,E,True,1.0,11.7595447972182,-1.7763568394002505e-15
E9_PT,0.0,0.0,0.0,0.0,0.0,0.0,0.0,0.0,0.0,0.0,0.0,0.7210667912276599,0.7210667912276599,0.013113411815186866,0.013113411815186866,0.013113411815186866,0.013113411815186866,0.013113411815186866,0.16938156927949696,0.9751182864554724,0.8943643940186254,0.5314441594098646,0.1789829551045395,0.1789829551045395,0.1789829551045395,0.1789829551045395,0.1789829551045395,0.1789829551045395,1.5410796866333076,1.5410796866333076,3.4798573569139215,10,5,E,True,1.0,11.71392351150249,3.552713678800501e-15
E10_PF,0.0,0.0,0.0,0.0,0.0,0.0,0.0,0.0,0.0,0.0,0.0,5.519093209234938,5.519093209234938,0.10037092677070547,0.10037092677070547,0.10037092677070547,0.10037092677070547,0.10037092677070547,1.296457804121612,7.463620261604918,6.845524594477218,4.067708965341185,1.3699474502277882,1.3699474502277882,1.3699474502277882,1.3699474502277882,1.3699474502277882,1.3699474502277882,11.795526485011045,11.795526485011045,26.63505980486366,10,6,E,True,1.0,89.65915015412082,1.4210854715202004e-14
E10_PT,0.0,0.0,0.0,0.0,0.0,0.0,0.0,0.0,0.0,0.0,0.0,5.453419684744727,5.453419684744727,0.09917657975254833,0.09917657975254833,0.09917657975254833,0.09917657975254833,0.09917657975254833,1.2810308218037487,7.374808163411691,6.7640674220650014,4.019305944368939,1.3536459901849873,1.3536459901849873,1.3536459901849873,1.3536459901849873,1.3536459901849873,1.3536459901849873,11.655167594860016,11.655167594860016,26.318120375490366,10,6,E,True,1.0,88.59226612622189,0.0
E11_PF,0.0,0.0,0.0,0.0,0.0,0.0,0.0,0.0,38.33333333333475,38.33333333333475,38.33333333333475,0.0,0.0,0.0,0.0,0.0,0.0,0.0,0.0,0.0,0.0,0.0,0.0,0.0,0.0,0.0,0.0,0.0,0.0,0.0,0.0,7,8,E,True,1.0,115.00000000000425,1.4210854715202004e-14
E11_PT,0.0,0.0,0.0,0.0,0.0,0.0,0.0,0.0,37.6274434927066,37.6274434927066,37.6274434927066,0.0,0.0,0.0,0.0,0.0,0.0,0.0,0.0,0.0,0.0,0.0,0.0,0.0,0.0,0.0,0.0,0.0,0.0,0.0,0.0,7,8,E,True,1.0,112.8823304781198,2.842170943040401e-14
E12_PF,0.0,0.0,0.0,0.0,0.0,0.0,0.0,0.0,0.0,0.0,0.0,2.092468569146732,2.092468569146732,0.10111107953547702,0.10111107953547702,0.10111107953547702,0.10111107953547702,0.10111107953547702,1.3060181106665782,2.794013244828251,2.5626285521463665,3.1587187190157673,0.6194952202028365,0.6194952202028365,0.6194952202028365,0.6194952202028365,0.6194952202028365,0.6194952202028365,4.53224229936018,4.53224229936018,10.23409551468428,9,8,E,True,1.0,37.52742259724947,-7.105427357601002e-15
E12_PT,0.0,0.0,0.0,0.0,0.0,0.0,0.0,0.0,0.0,0.0,0.0,2.058780938046314,2.058780938046314,0.09948324493008308,0.09948324493008308,0.09948324493008308,0.09948324493008308,0.09948324493008308,1.28499191368024,2.749031117560343,2.5213715953705194,3.1078650275791597,0.6095216766311997,0.6095216766311997,0.6095216766311997,0.6095216766311997,0.6095216766311997,0.6095216766311997,4.45927560877767,4.45927560877767,10.069332019820548,9,8,E,True,1.0,36.92325105209639,-7.105427357601002e-15
E13_PF,0.0,0.0,0.0,0.0,0.0,0.0,0.0,0.0,0.0,0.0,0.0,1.3232960037893808,1.3232960037893808,0.024065628402518472,0.024065628402518472,0.024065628402518472,0.024065628402518472,0.024065628402518472,0.31084770019919683,1.7895292743846127,1.6413303773446046,0.9753020676308518,0.32846808661511673,0.32846808661511673,0.32846808661511673,0.32846808661511673,0.32846808661511673,0.32846808661511673,2.8281771059943117,2.8281771059943117,6.3862063683742525,10,8,E,True,1.0,21.497298669204195,0.0
E13_PT,0.0,0.0,0.0,0.0,0.0,0.0,0.0,0.0,0.0,0.0,0.0,1.3046517934752935,1.3046517934752935,0.023726562436935276,0.023726562436935276,0.023726562436935276,0.023726562436935276,0.023726562436935276,0.3064680981437472,1.7643162003185677,1.6182053103433565,0.9615608209131083,0.3238402270351124,0.3238402270351124,0.3238402270351124,0.3238402270351124,0.3238402270351124,0.3238402270351124,2.7883302927199947,2.7883302927199947,6.296229693238699,10,8,E,True,1.0,21.194418469743404,0.0
E14_PF,0.0,0.0,0.0,0.0,0.0,0.0,0.0,0.0,0.0,0.0,0.0,8.118290834234003,8.118290834234003,0.25000390546173185,0.25000390546173185,0.25000390546173185,0.25000390546173185,0.25000390546173185,3.229217112214036,18.590385426521127,17.050832732304105,10.131849533881207,3.412265123512332,3.412265123512332,3.412265123512332,3.412265123512332,3.412265123512332,3.412265123512332,4.516874953794455,4.516874953794455,10.19939505695522,11,9,E,True,1.03,106.19562170631524,-2.842170943040401e-14
E14_PT,0.0,0.0,0.0,0.0,0.0,0.0,0.0,0.0,0.0,0.0,0.0,8.097116526457224,8.097116526457224,0.24935183968240296,0.24935183968240296,0.24935183968240296,0.24935183968240296,0.24935183968240296,3.2207945958977047,18.541897567346364,17.006360368909373,10.105423417256542,3.40336517727777,3.40336517727777,3.40336517727777,3.40336517727777,3.40336517727777,3.40336517727777,4.505093939488148,4.505093939488148,10.172792766586142,11,9,E,True,1.03,105.91863990996556,5.684341886080802e-14
E15_PF,0.0,0.0,0.0,0.0,0.0,0.0,0.0,0.0,0.0,0.0,0.0,5.806866642666001,5.806866642666001,0.0,0.0,0.0,0.0,0.0,0.0,0.0,0.0,0.0,0.0,0.0,0.0,0.0,0.0,0.0,25.650582898875317,25.650582898875317,57.92067106197652,12,9,E,True,1.03,120.83557014505915,-1.4210854715202004e-14
E15_PT,0.0,0.0,0.0,0.0,0.0,0.0,0.0,0.0,0.0,0.0,0.0,5.78912325562923,5.78912325562923,0.0,0.0,0.0,0.0,0.0,0.0,0.0,0.0,0.0,0.0,0.0,0.0,0.0,0.0,0.0,25.57220530763713,25.57220530763713,57.743689404341914,12,9,E,True,1.03,120.46634653087463,-1.4210854715202004e-14
E16_PF,0.0,0.0,0.0,0.0,0.0,0.0,0.0,0.0,0.0,0.0,0.0,11.598728173109809,11.598728173109809,0.35718446171435697,0.35718446171435697,0.35718446171435697,0.35718446171435697,0.35718446171435697,4.61363263047711,26.560372324466716,24.36078948455396,14.47553075319525,4.875156166530324,4.875156166530324,4.875156166530324,4.875156166530324,4.875156166530324,4.875156166530324,6.453329383084738,6.453329383084738,14.572034090836505,11,10,E,True,1.02,151.72333370367238,2.842170943040401e-14
E16_PT,0.0,0.0,0.0,0.0,0.0,0.0,0.0,0.0,0.0,0.0,0.0,11.556957217246696,11.556957217246696,0.35589811926692816,0.35589811926692816,0.35589811926692816,0.35589811926692816,0.35589811926692816,4.597017373864487,26.464719411189098,24.27305801545125,14.423399455076835,4.8575990749235025,4.8575990749235025,4.8575990749235025,4.8575990749235025,4.8575990749235025,4.8575990749235025,6.4300887542151095,6.4300887542151095,14.519555251453472,11,10,E,True,1.02,151.1769264958344,0.0
E17_PF,0.0,0.0,0.0,0.0,0.0,0.0,0.0,0.0,0.0,0.0,0.0,8.043611895644787,8.043611895644787,0.0,0.0,0.0,0.0,0.0,0.0,0.0,0.0,0.0,0.0,0.0,0.0,0.0,0.0,0.0,35.53092337606891,35.53092337606891,80.23111730080079,12,10,E,True,1.02,167.3801878442282,0.0
E17_PT,0.0,0.0,0.0,0.0,0.0,0.0,0.0,0.0,0.0,0.0,0.0,8.01280223822618,8.01280223822618,0.0,0.0,0.0,0.0,0.0,0.0,0.0,0.0,0.0,0.0,0.0,0.0,0.0,0.0,0.0,35.39482834920963,35.39482834920963,79.92380594982822,12,10,E,True,1.02,166.73906712469983,0.0
E18_PF,0.0,0.0,0.0,0.0,0.0,0.0,0.0,0.0,0.0,0.0,0.0,19.85847772976498,19.85847772976498,0.0,0.0,0.0,0.0,0.0,0.0,0.0,0.0,0.0,0.0,0.0,0.0,0.0,0.0,0.0,11.048909494571443,11.048909494571443,24.94915047161294,13,11,E,True,1.0,86.76392492028579,0.0
E18_PT,0.0,0.0,0.0,0.0,0.0,0.0,0.0,0.0,0.0,0.0,0.0,19.71701900734891,19.71701900734891,0.0,0.0,0.0,0.0,0.0,0.0,0.0,0.0,0.0,0.0,0.0,0.0,0.0,0.0,0.0,10.970204336882029,10.970204336882029,24.77142914779813,13,11,E,True,1.0,86.14587583626,0.0
E19_PF,0.0,0.0,0.0,0.0,0.0,0.0,0.0,0.0,0.0,0.0,0.0,0.0,0.0,0.613472985947964,0.613472985947964,0.613472985947964,0.613472985947964,0.613472985947964,7.924026068494533,45.618084391394234,41.84024745480237,24.862075555363738,8.373199091834328,8.373199091834328,8.373199091834328,8.373199091834328,8.373199091834328,8.373199091834328,0.0,0.0,0.0,14,11,E,True,1.0,173.55099295080063,-2.842170943040401e-14
E19_PT,0.0,0.0,0.0,0.0,0.0,0.0,0.0,0.0,0.0,0.0,0.0,0.0,0.0,0.6071883671762458,0.6071883671762458,0.6071883671762458,0.6071883671762458,0.6071883671762458,7.842849742693174,45.15075775099952,41.41162221686877,24.60738028708282,8.287421290044799,8.287421290044799,8.287421290044799,8.287421290044799,8.287421290044799,8.287421290044799,0.0,0.0,0.0,14,11,E,True,1.0,171.77307957379426,-2.842170943040401e-14
E20_PF,0.0,0.0,0.0,0.0,0.0,0.0,0.0,0.0,0.0,0.0,0.0,13.912458428577462,13.912458428577462,0.0,0.0,0.0,0.0,0.0,0.0,0.0,0.0,0.0,0.0,0.0,0.0,0.0,0.0,0.0,7.740648408006611,7.740648408006611,17.478883501950413,13,12,E,True,1.0,60.785097175118565,-7.105427357601002e-15
E20_PT,0.0,0.0,0.0,0.0,0.0,0.0,0.0,0.0,0.0,0.0,0.0,13.850478538314464,13.850478538314464,0.0,0.0,0.0,0.0,0.0,0.0,0.0,0.0,0.0,0.0,0.0,0.0,0.0,0.0,0.0,7.706163881683986,7.706163881683986,17.401015216705776,13,12,E,True,1.0,60.51430005670268,-1.4210854715202004e-14
E21_PF,0.0,0.0,0.0,0.0,0.0,0.0,0.0,0.0,0.0,0.0,0.0,0.0,0.0,0.0,0.0,0.0,0.0,0.0,0.0,0.0,0.0,0.0,0.0,0.0,0.0,0.0,0.0,0.0,54.97809485906129,54.97809485906129,124.14408516562227,23,12,E,True,1.0,234.10027488374485,0.0
E21_PT,0.0,0.0,0.0,0.0,0.0,0.0,0.0,0.0,0.0,0.0,0.0,0.0,0.0,0.0,0.0,0.0,0.0,0.0,0.0,0.0,0.0,0.0,0.0,0.0,0.0,0.0,0.0,0.0,53.475342393276485,53.475342393276485,120.7507731461082,23,12,E,True,1.0,227.70145793266119,2.842170943040401e-14
E22_PF,0.0,0.0,0.0,0.0,0.0,0.0,0.0,0.0,0.0,0.0,0.0,0.0,0.0,0.0,0.0,0.0,0.0,0.0,0.0,0.0,0.0,0.0,0.0,0.0,0.0,0.0,0.0,0.0,54.189153744368156,54.189153744368156,122.36260522921842,23,13,E,True,1.0,230.74091271795473,0.0
E22_PT,0.0,0.0,0.0,0.0,0.0,0.0,0.0,0.0,0.0,0.0,0.0,0.0,0.0,0.0,0.0,0.0,0.0,0.0,0.0,0.0,0.0,0.0,0.0,0.0,0.0,0.0,0.0,0.0,52.91197579353327,52.91197579353327,119.47865501765578,23,13,E,True,1.0,225.3026066047223,0.0
E23_PF,0.0,0.0,0.0,0.0,0.0,0.0,0.0,0.0,0.0,0.0,0.0,0.0,0.0,1.3241632862133927,1.3241632862133927,1.3241632862133927,1.3241632862133927,1.3241632862133927,17.10377578025632,98.4652852238097,90.31093599031283,53.664054365172284,18.07330245916127,18.07330245916127,18.07330245916127,18.07330245916127,18.07330245916127,18.07330245916127,0.0,0.0,0.0,16,14,E,True,1.0,374.6046825455856,-5.684341886080802e-14
E23_PT,0.0,0.0,0.0,0.0,0.0,0.0,0.0,0.0,0.0,0.0,0.0,0.0,0.0,1.299229703615622,1.299229703615622,1.299229703615622,1.299229703615622,1.299229703615622,16.781717005035116,96.61121454559179,88.6104091705158,52.65357692181138,17.732987798294456,17.732987798294456,17.732987798294456,17.732987798294456,17.732987798294456,17.732987798294456,0.0,0.0,0.0,16,14,E,True,1.0,367.55099295079896,5.684341886080802e-14
E24_PF,0.0,0.0,0.0,0.0,0.0,0.0,0.0,0.0,0.0,0.0,0.0,0.0,0.0,2.0898410257303714,2.0898410257303714,2.0898410257303714,2.0898410257303714,2.0898410257303714,26.993779915683962,0.0,0.0,53.809689065254034,3.508029600919678,3.508029600919678,3.508029600919678,3.508029600919678,3.508029600919678,3.508029600919678,0.0,0.0,0.0,15,16,E,True,1.0,112.30085171510797,4.263256414560601e-14
E24_PT,0.0,0.0,0.0,0.0,0.0,0.0,0.0,0.0,0.0,0.0,0.0,0.0,0.0,2.0844433537825764,2.0844433537825764,2.0844433537825764,2.0844433537825764,2.0844433537825764,26.924059986358277,0.0,0.0,53.67070861381726,3.498969010790675,3.498969010790675,3.498969010790675,3.498969010790675,3.498969010790675,3.498969010790675,0.0,0.0,0.0,15,16,E,True,1.0,112.01079943383246,-1.4210854715202004e-14
E25_PF,0.0,0.0,0.0,0.0,0.0,0.0,0.0,0.0,0.0,0.0,0.0,0.0,0.0,0.0,0.0,0.0,0.0,0.0,0.0,0.0,0.0,156.58297601707218,10.208156270924775,10.208156270924775,10.208156270924775,10.208156270924775,10.208156270924775,10.208156270924775,0.0,0.0,0.0,21,15,E,True,1.0,217.83191364262083,0.0
E25_PT,0.0,0.0,0.0,0.0,0.0,0.0,0.0,0.0,0.0,0.0,0.0,0.0,0.0,0.0,0.0,0.0,0.0,0.0,0.0,0.0,0.0,154.48932737775576,10.071664469388056,10.071664469388056,10.071664469388056,10.071664469388056,10.071664469388056,10.071664469388056,0.0,0.0,0.0,21,15,E,True,1.0,214.91931419408408,-2.842170943040401e-14
E26_PF,0.0,0.0,0.0,0.0,0.0,0.0,0.0,0.0,0.0,0.0,0.0,0.0,0.0,0.0,0.0,0.0,0.0,0.0,0.0,0.0,0.0,156.58297601707218,10.208156270924775,10.208156270924775,10.208156270924775,10.208156270924775,10.208156270924775,10.208156270924775,0.0,0.0,0.0,21,15,E,True,1.0,217.83191364262083,0.0
E26_PT,0.0,0.0,0.0,0.0,0.0,0.0,0.0,0.0,0.0,0.0,0.0,0.0,0.0,0.0,0.0,0.0,0.0,0.0,0.0,0.0,0.0,154.48932737775576,10.071664469388056,10.071664469388056,10.071664469388056,10.071664469388056,10.071664469388056,10.071664469388056,0.0,0.0,0.0,21,15,E,True,1.0,214.91931419408408,-2.842170943040401e-14
E27_PF,0.0,0.0,0.0,0.0,0.0,0.0,0.0,0.0,0.0,0.0,0.0,0.0,0.0,4.011008655827036,4.011008655827036,4.011008655827036,4.011008655827036,4.011008655827036,51.808861804432546,0.0,0.0,103.27633822417917,6.732922227550183,6.732922227550183,6.732922227550183,6.732922227550183,6.732922227550183,6.732922227550183,0.0,0.0,0.0,15,24,E,True,1.0,215.53777667304794,-5.684341886080802e-14
E27_PT,0.0,0.0,0.0,0.0,0.0,0.0,0.0,0.0,0.0,0.0,0.0,0.0,0.0,3.9511122367914973,3.9511122367914973,3.9511122367914973,3.9511122367914973,3.9511122367914973,51.03519972522351,0.0,0.0,101.73411197598975,6.632379454976215,6.632379454976215,6.632379454976215,6.632379454976215,6.632379454976215,6.632379454976215,0.0,0.0,0.0,15,24,E,True,1.0,212.31914961502804,0.0
E28_PF,0.0,0.0,0.0,0.0,0.0,0.0,0.0,0.0,0.0,0.0,0.0,0.0,0.0,0.0,0.0,0.0,0.0,0.0,0.0,0.0,143.6409229829561,31.125119629730868,25.210538259161343,25.210538259161343,25.210538259161343,25.210538259161343,25.210538259161343,25.210538259161343,0.0,0.0,0.0,17,16,E,True,1.0,326.0292721676551,5.684341886080802e-14
E28_PT,0.0,0.0,0.0,0.0,0.0,0.0,0.0,0.0,0.0,0.0,0.0,0.0,0.0,0.0,0.0,0.0,0.0,0.0,0.0,0.0,142.16375900075707,30.805037408704408,24.951279975972067,24.951279975972067,24.951279975972067,24.951279975972067,24.951279975972067,24.951279975972067,0.0,0.0,0.0,17,16,E,True,1.0,322.67647626529384,-5.684341886080802e-14
E29_PF,0.0,0.0,0.0,0.0,0.0,0.0,0.0,0.0,0.0,0.0,0.0,0.0,0.0,0.4067972234105948,0.4067972234105948,0.4067972234105948,0.4067972234105948,0.4067972234105948,5.254464135720183,30.249596140005817,27.744492229148502,16.48617548907731,5.5523131737560165,5.5523131737560165,5.5523131737560165,5.5523131737560165,5.5523131737560165,5.5523131737560165,0.0,0.0,0.0,16,19,E,True,1.0,115.0825931535409,1.4210854715202004e-14
E29_PT,0.0,0.0,0.0,0.0,0.0,0.0,0.0,0.0,0.0,0.0,0.0,0.0,0.0,0.4052682659366161,0.4052682659366161,0.4052682659366161,0.4052682659366161,0.4052682659366161,5.234715101681291,30.13590228114578,27.640213865594667,16.424211788784532,5.531444666705475,5.531444666705475,5.531444666705475,5.531444666705475,5.531444666705475,5.531444666705475,0.0,0.0,0.0,16,19,E,True,1.0,114.65005236712224,4.263256414560601e-14
E30_PF,0.0,0.0,0.0,0.0,0.0,0.0,0.0,0.0,0.0,0.0,0.0,0.0,0.0,0.0,0.0,0.0,0.0,0.0,0.0,0.0,144.13079745725244,31.231269056366298,2.0360685636216567,2.0360685636216567,2.0360685636216567,2.0360685636216567,2.0360685636216567,2.0360685636216567,0.0,0.0,0.0,18,17,E,True,1.0,187.57847789534867,-2.842170943040401e-14
E30_PT,0.0,0.0,0.0,0.0,0.0,0.0,0.0,0.0,0.0,0.0,0.0,0.0,0.0,0.0,0.0,0.0,0.0,0.0,0.0,0.0,143.64092298295589,31.12511962973082,2.029148335364877,2.029148335364877,2.029148335364877,2.029148335364877,2.029148335364877,2.029148335364877,0.0,0.0,0.0,18,17,E,True,1.0,186.94093262487598,0.0
E31_PF,0.0,0.0,0.0,0.0,0.0,0.0,0.0,0.0,0.0,0.0,0.0,0.0,0.0,0.0,0.0,0.0,0.0,0.0,0.0,0.0,0.0,0.0,23.59042902578263,23.59042902578263,23.59042902578263,23.59042902578263,23.59042902578263,23.59042902578263,0.0,0.0,0.0,22,17,E,True,1.0,141.54257415469579,0.0
E31_PT,0.0,0.0,0.0,0.0,0.0,0.0,0.0,0.0,0.0,0.0,0.0,0.0,0.0,0.0,0.0,0.0,0.0,0.0,0.0,0.0,0.0,0.0,23.181389923796427,23.181389923796427,23.181389923796427,23.181389923796427,23.181389923796427,23.181389923796427,0.0,0.0,0.0,22,17,E,True,1.0,139.08833954277856,-2.842170943040401e-14
E32_PF,0.0,0.0,0.0,0.0,0.0,0.0,0.0,0.0,0.0,0.0,0.0,0.0,0.0,0.0,0.0,0.0,0.0,0.0,0.0,0.0,0.0,43.41702398292767,2.830497777663209,2.830497777663209,2.830497777663209,2.830497777663209,2.830497777663209,2.830497777663209,0.0,0.0,0.0,21,18,E,True,1.0,60.400010648906935,1.4210854715202004e-14
E32_PT,0.0,0.0,0.0,0.0,0.0,0.0,0.0,0.0,0.0,0.0,0.0,0.0,0.0,0.0,0.0,0.0,0.0,0.0,0.0,0.0,0.0,43.337398539863266,2.825306734635298,2.825306734635298,2.825306734635298,2.825306734635298,2.825306734635298,2.825306734635298,0.0,0.0,0.0,21,18,E,True,1.0,60.28923894767505,0.0
E33_PF,0.0,0.0,0.0,0.0,0.0,0.0,0.0,0.0,0.0,0.0,0.0,0.0,0.0,0.0,0.0,0.0,0.0,0.0,0.0,0.0,0.0,43.41702398292767,2.830497777663209,2.830497777663209,2.830497777663209,2.830497777663209,2.830497777663209,2.830497777663209,0.0,0.0,0.0,21,18,E,True,1.0,60.400010648906935,1.4210854715202004e-14
E33_PT,0.0,0.0,0.0,0.0,0.0,0.0,0.0,0.0,0.0,0.0,0.0,0.0,0.0,0.0,0.0,0.0,0.0,0.0,0.0,0.0,0.0,43.337398539863266,2.825306734635298,2.825306734635298,2.825306734635298,2.825306734635298,2.825306734635298,2.825306734635298,0.0,0.0,0.0,21,18,E,True,1.0,60.28923894767505,0.0
E34_PF,0.0,0.0,0.0,0.0,0.0,0.0,0.0,0.0,0.0,0.0,0.0,0.0,0.0,0.0,0.0,0.0,0.0,0.0,0.0,0.0,0.0,0.0,0.0,0.0,0.0,0.0,0.0,0.0,7.81766140075432,7.81766140075432,17.652783808154915,20,19,E,True,1.0,33.28810660966356,0.0
E34_PT,0.0,0.0,0.0,0.0,0.0,0.0,0.0,0.0,0.0,0.0,0.0,0.0,0.0,0.0,0.0,0.0,0.0,0.0,0.0,0.0,0.0,0.0,0.0,0.0,0.0,0.0,0.0,0.0,7.7910923356788,7.7910923356788,17.59278914508116,20,19,E,True,1.0,33.17497381643876,-7.105427357601002e-15
E35_PF,0.0,0.0,0.0,0.0,0.0,0.0,0.0,0.0,0.0,0.0,0.0,0.0,0.0,0.0,0.0,0.0,0.0,0.0,0.0,0.0,0.0,0.0,0.0,0.0,0.0,0.0,0.0,0.0,7.81766140075432,7.81766140075432,17.652783808154915,20,19,E,True,1.0,33.28810660966356,0.0
E35_PT,0.0,0.0,0.0,0.0,0.0,0.0,0.0,0.0,0.0,0.0,0.0,0.0,0.0,0.0,0.0,0.0,0.0,0.0,0.0,0.0,0.0,0.0,0.0,0.0,0.0,0.0,0.0,0.0,7.7910923356788,7.7910923356788,17.59278914508116,20,19,E,True,1.0,33.17497381643876,-7.105427357601002e-15
E36_PF,0.0,0.0,0.0,0.0,0.0,0.0,0.0,0.0,0.0,0.0,0.0,0.0,0.0,0.0,0.0,0.0,0.0,0.0,0.0,0.0,0.0,0.0,0.0,0.0,0.0,0.0,0.0,0.0,22.91637569828495,22.91637569828495,51.74665480257892,23,20,E,True,1.0,97.57940619914882,0.0
E36_PT,0.0,0.0,0.0,0.0,0.0,0.0,0.0,0.0,0.0,0.0,0.0,0.0,0.0,0.0,0.0,0.0,0.0,0.0,0.0,0.0,0.0,0.0,0.0,0.0,0.0,0.0,0.0,0.0,22.847964431057346,22.847964431057346,51.592177747548845,23,20,E,True,1.0,97.28810660966354,0.0
E37_PF,0.0,0.0,0.0,0.0,0.0,0.0,0.0,0.0,0.0,0.0,0.0,0.0,0.0,0.0,0.0,0.0,0.0,0.0,0.0,0.0,0.0,0.0,0.0,0.0,0.0,0.0,0.0,0.0,22.91637569828495,22.91637569828495,51.74665480257892,23,20,E,True,1.0,97.57940619914882,0.0
E37_PT,0.0,0.0,0.0,0.0,0.0,0.0,0.0,0.0,0.0,0.0,0.0,0.0,0.0,0.0,0.0,0.0,0.0,0.0,0.0,0.0,0.0,0.0,0.0,0.0,0.0,0.0,0.0,0.0,22.847964431057346,22.847964431057346,51.592177747548845,23,20,E,True,1.0,97.28810660966354,0.0
E38_PF,0.0,0.0,0.0,0.0,0.0,0.0,0.0,0.0,0.0,0.0,0.0,0.0,0.0,0.0,0.0,0.0,0.0,0.0,0.0,0.0,0.0,0.0,26.409570974217335,26.409570974217335,26.409570974217335,26.409570974217335,26.409570974217335,26.409570974217335,0.0,0.0,0.0,22,21,E,True,1.0,158.45742584530402,2.842170943040401e-14
E38_PT,0.0,0.0,0.0,0.0,0.0,0.0,0.0,0.0,0.0,0.0,0.0,0.0,0.0,0.0,0.0,0.0,0.0,0.0,0.0,0.0,0.0,0.0,26.077308097175987,26.077308097175987,26.077308097175987,26.077308097175987,26.077308097175987,26.077308097175987,0.0,0.0,0.0,22,21,E,True,1.0,156.46384858305595,5.684341886080802e-14
L1,6.001109567361239,6.001109567361239,45.60843271194542,45.60843271194542,0.0,0.0,0.0,0.0,0.0,0.0,0.0,0.0,0.0,0.08896952318139531,0.08896952318139531,0.08896952318139531,0.08896952318139531,0.08896952318139531,1.149189674426356,0.0,0.0,2.2908069655689016,0.14934519758074266,0.14934519758074266,0.14934519758074266,0.14934519758074266,0.14934519758074266,0.14934519758074266,0.0,0.0,0.0,1,0,L,True,1.0,107.99999999999999,-1.4210854715202004e-14
L2,0.34977011858460855,0.34977011858460855,2.658252901243025,2.658252901243025,5.273564065740201,5.273564065740201,40.07908689962553,40.07908689962553,0.0,0.0,0.0,0.0,0.0,0.005185521164756215,0.005185521164756215,0.005185521164756215,0.005185521164756215,0.005185521164756215,0.06697964837810108,0.0,0.0,0.13351794614105073,0.008704471545055822,0.008704471545055822,0.008704471545055822,0.008704471545055822,0.008704471545055822,0.008704471545055822,0.0,0.0,0.0,2,0,L,True,1.0,97.00000000000004,4.263256414560601e-14
L3,0.0,0.0,0.0,0.0,0.0,0.0,0.0,0.0,0.0,0.0,0.0,0.0,0.0,3.3496752596833614,3.3496752596833614,3.3496752596833614,3.3496752596833614,3.3496752596833614,43.266638770910085,0.0,0.0,86.24817963373198,5.62280088282352,5.62280088282352,5.62280088282352,5.62280088282352,5.62280088282352,5.62280088282352,0.0,0.0,0.0,3,0,L,True,1.0,180.00000000000003,2.842170943040401e-14
L4,0.13647740908941217,0.13647740908941217,1.0372283090795327,1.0372283090795327,2.0577011074350824,2.0577011074350824,15.638528416506627,15.638528416506627,0.0,0.0,0.0,2.0157438682365,2.0157438682365,0.09942697954477656,0.09942697954477656,0.09942697954477656,0.09942697954477656,0.09942697954477656,1.284265152453364,2.6915649530309262,2.4686644601133723,3.09499534335805,0.6001765556584794,0.6001765556584794,0.6001765556584794,0.6001765556584794,0.6001765556584794,0.6001765556584794,4.3660582333252425,4.3660582333252425,9.858841172024743,4,0,L,True,1.0,73.99999999999999,-1.4210854715202004e-14
L5,3.2942800076518206,3.2942800076518206,25.036528058153838,25.036528058153838,0.0,0.0,0.0,0.0,0.0,0.0,0.0,0.7210667912280293,0.7210667912280293,0.06195280030109008,0.06195280030109008,0.06195280030109008,0.06195280030109008,0.06195280030109008,0.8002236705557467,0.9751182864559719,0.8943643940190836,1.7889715388646463,0.26096527739130515,0.26096527739130515,0.26096527739130515,0.26096527739130515,0.26096527739130515,0.26096527739130515,1.541079686634097,1.541079686634097,3.479857356915704,5,0,L,True,1.0,71.00000000000001,1.4210854715202004e-14
L6,0.17094648143147045,0.17094648143147045,1.2991932588791757,1.2991932588791757,2.577399193761194,2.577399193761194,19.588233872585075,19.588233872585075,0.0,0.0,0.0,5.4534196847458345,5.4534196847458345,0.10171094890076965,0.10171094890076965,0.10171094890076965,0.10171094890076965,0.10171094890076965,1.3137664233016073,7.3748081634131895,6.7640674220663755,4.084561441875177,1.357900209468971,1.357900209468971,1.357900209468971,1.357900209468971,1.357900209468971,1.357900209468971,11.655167594862384,11.655167594862384,26.318120375495713,6,0,L,True,1.0,135.99999999999994,-5.684341886080802e-14
L7,0.0,0.0,0.0,0.0,0.0,0.0,0.0,0.0,41.66666666666667,41.66666666666667,41.66666666666667,0.0,0.0,0.0,0.0,0.0,0.0,0.0,0.0,0.0,0.0,0.0,0.0,0.0,0.0,0.0,0.0,0.0,0.0,0.0,0.0,7,0,L,True,1.0,125.00000000000001,1.4210854715202004e-14
L8,0.0,0.0,0.0,0.0,0.0,0.0,0.0,0.0,37.62744349271549,37.62744349271549,37.62744349271549,3.3634327315224026,3.3634327315224026,0.12320980736704748,0.12320980736704748,0.12320980736704748,0.12320980736704748,0.12320980736704748,1.5914600118243636,4.513347317879978,4.139576905714855,4.06942584849323,0.9333619036665328,0.9333619036665328,0.9333619036665328,0.9333619036665328,0.9333619036665328,0.9333619036665328,7.247605901499378,7.247605901499378,16.365561713063116,8,0,L,True,1.0,171.00000000000006,5.684341886080802e-14
L9,0.0,0.0,0.0,0.0,0.0,0.0,0.0,0.0,0.0,0.0,0.0,9.757717803607356,9.757717803607356,0.4715069059926693,0.4715069059926693,0.4715069059926693,0.4715069059926693,0.4715069059926693,6.090297535738644,13.029200621968137,11.950194433509632,14.72991582076501,2.88886515599508,2.88886515599508,2.88886515599508,2.88886515599508,2.88886515599508,2.88886515599508,21.135008681522507,21.135008681522507,47.72421315182502,9,0,L,True,1.0,174.99999999999997,-2.842170943040401e-14
L10,0.0,0.0,0.0,0.0,0.0,0.0,0.0,0.0,0.0,0.0,0.0,12.003495169771568,12.003495169771568,0.2182970805170855,0.2182970805170855,0.2182970805170855,0.2182970805170855,0.2182970805170855,2.8196706233456865,16.23265387315371,14.888355439778898,8.846874489419582,2.979503512304268,2.979503512304268,2.979503512304268,2.979503512304268,2.979503512304268,2.979503512304268,25.6541319053696,25.6541319053696,57.92868494760878,10,0,L,True,1.0,195.0,0.0
L13,0.0,0.0,0.0,0.0,0.0,0.0,0.0,0.0,0.0,0.0,0.0,60.653049101024756,60.653049101024756,0.0,0.0,0.0,0.0,0.0,0.0,0.0,0.0,0.0,0.0,0.0,0.0,0.0,0.0,0.0,33.74629511921564,33.74629511921564,76.20131155951918,13,0,L,True,1.0,265.0,0.0
L14,0.0,0.0,0.0,0.0,0.0,0.0,0.0,0.0,0.0,0.0,0.0,0.0,0.0,0.6857567176676642,0.6857567176676642,0.6857567176676642,0.6857567176676642,0.6857567176676642,8.857690936540664,50.99313015419802,46.77016171571385,27.791501366447893,9.359788706460211,9.359788706460211,9.359788706460211,9.359788706460211,9.359788706460211,9.359788706460211,0.0,0.0,0.0,14,0,L,True,1.0,194.00000000000009,8.526512829121202e-14
L15,0.0,0.0,0.0,0.0,0.0,0.0,0.0,0.0,0.0,0.0,0.0,0.0,0.0,5.899150318442365,5.899150318442365,5.899150318442365,5.899150318442365,5.899150318442365,76.19735827988055,0.0,0.0,151.89262746607244,9.902377110305867,9.902377110305867,9.902377110305867,9.902377110305867,9.902377110305867,9.902377110305867,0.0,0.0,0.0,15,0,L,True,1.0,316.9999999999999,-1.1368683772161603e-13
L16,0.0,0.0,0.0,0.0,0.0,0.0,0.0,0.0,0.0,0.0,0.0,0.0,0.0,0.3534828441585898,0.3534828441585898,0.3534828441585898,0.3534828441585898,0.3534828441585898,4.565820070381785,26.28511863618455,24.1083307812958,14.32551616827211,4.824633353845471,4.824633353845471,4.824633353845471,4.824633353845471,4.824633353845471,4.824633353845471,0.0,0.0,0.0,16,0,L,True,1.0,100.00000000000001,1.4210854715202004e-14
L18,0.0,0.0,0.0,0.0,0.0,0.0,0.0,0.0,0.0,0.0,0.0,0.0,0.0,0.0,0.0,0.0,0.0,0.0,0.0,0.0,255.86920254274642,55.44352802335999,3.614544905648923,3.614544905648923,3.614544905648923,3.614544905648923,3.614544905648923,3.614544905648923,0.0,0.0,0.0,18,0,L,True,1.0,333.0,0.0
L19,0.0,0.0,0.0,0.0,0.0,0.0,0.0,0.0,0.0,0.0,0.0,0.0,0.0,0.4052682659366167,0.4052682659366167,0.4052682659366167,0.4052682659366167,0.4052682659366167,5.234715101681299,30.135902281145825,27.64021386559471,16.424211788784557,5.531444666705484,5.531444666705484,5.531444666705484,5.531444666705484,5.531444666705484,5.531444666705484,15.582184671357625,15.582184671357625,35.185578290162375,19,0,L,True,1.0,181.0,0.0
L20,0.0,0.0,0.0,0.0,0.0,0.0,0.0,0.0,0.0,0.0,0.0,0.0,0.0,0.0,0.0,0.0,0.0,0.0,0.0,0.0,0.0,0.0,0.0,0.0,0.0,0.0,0.0,0.0,30.060606060606055,30.060606060606055,67.87878787878788,20,0,L,True,1.0,127.99999999999999,-1.4210854715202004e-14
G1.1,10.0,0.0,0.0,0.0,0.0,0.0,0.0,0.0,0.0,0.0,0.0,0.0,0.0,0.0,0.0,0.0,0.0,0.0,0.0,0.0,0.0,0.0,0.0,0.0,0.0,0.0,0.0,0.0,0.0,0.0,0.0,0,1,G,True,1.0,10.0,0.0
G1.2,0.0,10.0,0.0,0.0,0.0,0.0,0.0,0.0,0.0,0.0,0.0,0.0,0.0,0.0,0.0,0.0,0.0,0.0,0.0,0.0,0.0,0.0,0.0,0.0,0.0,0.0,0.0,0.0,0.0,0.0,0.0,0,1,G,True,1.0,10.0,0.0
G1.3,0.0,0.0,76.0,0.0,0.0,0.0,0.0,0.0,0.0,0.0,0.0,0.0,0.0,0.0,0.0,0.0,0.0,0.0,0.0,0.0,0.0,0.0,0.0,0.0,0.0,0.0,0.0,0.0,0.0,0.0,0.0,0,1,G,True,1.0,76.0,0.0
G1.4,0.0,0.0,0.0,76.0,0.0,0.0,0.0,0.0,0.0,0.0,0.0,0.0,0.0,0.0,0.0,0.0,0.0,0.0,0.0,0.0,0.0,0.0,0.0,0.0,0.0,0.0,0.0,0.0,0.0,0.0,0.0,0,1,G,True,1.0,76.0,0.0
G2.1,0.0,0.0,0.0,0.0,10.0,0.0,0.0,0.0,0.0,0.0,0.0,0.0,0.0,0.0,0.0,0.0,0.0,0.0,0.0,0.0,0.0,0.0,0.0,0.0,0.0,0.0,0.0,0.0,0.0,0.0,0.0,0,2,G,True,1.0,10.0,0.0
G2.2,0.0,0.0,0.0,0.0,0.0,10.0,0.0,0.0,0.0,0.0,0.0,0.0,0.0,0.0,0.0,0.0,0.0,0.0,0.0,0.0,0.0,0.0,0.0,0.0,0.0,0.0,0.0,0.0,0.0,0.0,0.0,0,2,G,True,1.0,10.0,0.0
G2.3,0.0,0.0,0.0,0.0,0.0,0.0,76.0,0.0,0.0,0.0,0.0,0.0,0.0,0.0,0.0,0.0,0.0,0.0,0.0,0.0,0.0,0.0,0.0,0.0,0.0,0.0,0.0,0.0,0.0,0.0,0.0,0,2,G,True,1.0,76.0,0.0
G2.4,0.0,0.0,0.0,0.0,0.0,0.0,0.0,76.0,0.0,0.0,0.0,0.0,0.0,0.0,0.0,0.0,0.0,0.0,0.0,0.0,0.0,0.0,0.0,0.0,0.0,0.0,0.0,0.0,0.0,0.0,0.0,0,2,G,True,1.0,76.0,0.0
G7.1,0.0,0.0,0.0,0.0,0.0,0.0,0.0,0.0,80.0,0.0,0.0,0.0,0.0,0.0,0.0,0.0,0.0,0.0,0.0,0.0,0.0,0.0,0.0,0.0,0.0,0.0,0.0,0.0,0.0,0.0,0.0,0,7,G,True,1.0,80.0,0.0
G7.2,0.0,0.0,0.0,0.0,0.0,0.0,0.0,0.0,0.0,80.0,0.0,0.0,0.0,0.0,0.0,0.0,0.0,0.0,0.0,0.0,0.0,0.0,0.0,0.0,0.0,0.0,0.0,0.0,0.0,0.0,0.0,0,7,G,True,1.0,80.0,0.0
G7.3,0.0,0.0,0.0,0.0,0.0,0.0,0.0,0.0,0.0,0.0,80.0,0.0,0.0,0.0,0.0,0.0,0.0,0.0,0.0,0.0,0.0,0.0,0.0,0.0,0.0,0.0,0.0,0.0,0.0,0.0,0.0,0,7,G,True,1.0,80.0,0.0
G13.1,0.0,0.0,0.0,0.0,0.0,0.0,0.0,0.0,0.0,0.0,0.0,95.1,0.0,0.0,0.0,0.0,0.0,0.0,0.0,0.0,0.0,0.0,0.0,0.0,0.0,0.0,0.0,0.0,0.0,0.0,0.0,0,13,G,True,1.0,95.1,0.0
G13.2,0.0,0.0,0.0,0.0,0.0,0.0,0.0,0.0,0.0,0.0,0.0,0.0,95.1,0.0,0.0,0.0,0.0,0.0,0.0,0.0,0.0,0.0,0.0,0.0,0.0,0.0,0.0,0.0,0.0,0.0,0.0,0,13,G,True,1.0,95.1,0.0
G15.1,0.0,0.0,0.0,0.0,0.0,0.0,0.0,0.0,0.0,0.0,0.0,0.0,0.0,12.0,0.0,0.0,0.0,0.0,0.0,0.0,0.0,0.0,0.0,0.0,0.0,0.0,0.0,0.0,0.0,0.0,0.0,0,15,G,True,1.0,12.0,0.0
G15.2,0.0,0.0,0.0,0.0,0.0,0.0,0.0,0.0,0.0,0.0,0.0,0.0,0.0,0.0,12.0,0.0,0.0,0.0,0.0,0.0,0.0,0.0,0.0,0.0,0.0,0.0,0.0,0.0,0.0,0.0,0.0,0,15,G,True,1.0,12.0,0.0
G15.3,0.0,0.0,0.0,0.0,0.0,0.0,0.0,0.0,0.0,0.0,0.0,0.0,0.0,0.0,0.0,12.0,0.0,0.0,0.0,0.0,0.0,0.0,0.0,0.0,0.0,0.0,0.0,0.0,0.0,0.0,0.0,0,15,G,True,1.0,12.0,0.0
G15.4,0.0,0.0,0.0,0.0,0.0,0.0,0.0,0.0,0.0,0.0,0.0,0.0,0.0,0.0,0.0,0.0,12.0,0.0,0.0,0.0,0.0,0.0,0.0,0.0,0.0,0.0,0.0,0.0,0.0,0.0,0.0,0,15,G,True,1.0,12.0,0.0
G15.5,0.0,0.0,0.0,0.0,0.0,0.0,0.0,0.0,0.0,0.0,0.0,0.0,0.0,0.0,0.0,0.0,0.0,12.0,0.0,0.0,0.0,0.0,0.0,0.0,0.0,0.0,0.0,0.0,0.0,0.0,0.0,0,15,G,True,1.0,12.0,0.0
G15.6,0.0,0.0,0.0,0.0,0.0,0.0,0.0,0.0,0.0,0.0,0.0,0.0,0.0,0.0,0.0,0.0,0.0,0.0,155.0,0.0,0.0,0.0,0.0,0.0,0.0,0.0,0.0,0.0,0.0,0.0,0.0,0,15,G,True,1.0,155.0,0.0
G16,0.0,0.0,0.0,0.0,0.0,0.0,0.0,0.0,0.0,0.0,0.0,0.0,0.0,0.0,0.0,0.0,0.0,0.0,0.0,155.0,0.0,0.0,0.0,0.0,0.0,0.0,0.0,0.0,0.0,0.0,0.0,0,16,G,True,1.0,155.0,0.0
G18,0.0,0.0,0.0,0.0,0.0,0.0,0.0,0.0,0.0,0.0,0.0,0.0,0.0,0.0,0.0,0.0,0.0,0.0,0.0,0.0,400.0,0.0,0.0,0.0,0.0,0.0,0.0,0.0,0.0,0.0,0.0,0,18,G,True,1.0,400.0,0.0
G21,0.0,0.0,0.0,0.0,0.0,0.0,0.0,0.0,0.0,0.0,0.0,0.0,0.0,0.0,0.0,0.0,0.0,0.0,0.0,0.0,0.0,400.0,0.0,0.0,0.0,0.0,0.0,0.0,0.0,0.0,0.0,0,21,G,True,1.0,400.0,0.0
G22.1,0.0,0.0,0.0,0.0,0.0,0.0,0.0,0.0,0.0,0.0,0.0,0.0,0.0,0.0,0.0,0.0,0.0,0.0,0.0,0.0,0.0,0.0,50.0,0.0,0.0,0.0,0.0,0.0,0.0,0.0,0.0,0,22,G,True,1.0,50.0,0.0
G22.2,0.0,0.0,0.0,0.0,0.0,0.0,0.0,0.0,0.0,0.0,0.0,0.0,0.0,0.0,0.0,0.0,0.0,0.0,0.0,0.0,0.0,0.0,0.0,50.0,0.0,0.0,0.0,0.0,0.0,0.0,0.0,0,22,G,True,1.0,50.0,0.0
G22.3,0.0,0.0,0.0,0.0,0.0,0.0,0.0,0.0,0.0,0.0,0.0,0.0,0.0,0.0,0.0,0.0,0.0,0.0,0.0,0.0,0.0,0.0,0.0,0.0,50.0,0.0,0.0,0.0,0.0,0.0,0.0,0,22,G,True,1.0,50.0,0.0
G22.4,0.0,0.0,0.0,0.0,0.0,0.0,0.0,0.0,0.0,0.0,0.0,0.0,0.0,0.0,0.0,0.0,0.0,0.0,0.0,0.0,0.0,0.0,0.0,0.0,0.0,50.0,0.0,0.0,0.0,0.0,0.0,0,22,G,True,1.0,50.0,0.0
G22.5,0.0,0.0,0.0,0.0,0.0,0.0,0.0,0.0,0.0,0.0,0.0,0.0,0.0,0.0,0.0,0.0,0.0,0.0,0.0,0.0,0.0,0.0,0.0,0.0,0.0,0.0,50.0,0.0,0.0,0.0,0.0,0,22,G,True,1.0,50.0,0.0
G22.6,0.0,0.0,0.0,0.0,0.0,0.0,0.0,0.0,0.0,0.0,0.0,0.0,0.0,0.0,0.0,0.0,0.0,0.0,0.0,0.0,0.0,0.0,0.0,0.0,0.0,0.0,0.0,50.0,0.0,0.0,0.0,0,22,G,True,1.0,50.0,0.0
G23.1,0.0,0.0,0.0,0.0,0.0,0.0,0.0,0.0,0.0,0.0,0.0,0.0,0.0,0.0,0.0,0.0,0.0,0.0,0.0,0.0,0.0,0.0,0.0,0.0,0.0,0.0,0.0,0.0,155.0,0.0,0.0,0,23,G,True,1.0,155.0,0.0
G23.2,0.0,0.0,0.0,0.0,0.0,0.0,0.0,0.0,0.0,0.0,0.0,0.0,0.0,0.0,0.0,0.0,0.0,0.0,0.0,0.0,0.0,0.0,0.0,0.0,0.0,0.0,0.0,0.0,0.0,155.0,0.0,0,23,G,True,1.0,155.0,0.0
G23.3,0.0,0.0,0.0,0.0,0.0,0.0,0.0,0.0,0.0,0.0,0.0,0.0,0.0,0.0,0.0,0.0,0.0,0.0,0.0,0.0,0.0,0.0,0.0,0.0,0.0,0.0,0.0,0.0,0.0,0.0,350.0,0,23,G,True,1.0,350.0,0.0
G13.3,0.0,0.0,0.0,0.0,0.0,0.0,0.0,0.0,0.0,0.0,0.0,0.6760147406327901,0.6760147406327901,0.0,0.0,0.0,0.0,0.0,0.0,0.0,0.0,0.0,0.0,0.0,0.0,0.0,0.0,0.0,0.376122771739578,0.376122771739578,0.8493094845732406,13,0,L,True,1.0,2.953584509317977,-4.440892098500626e-16
