,G1.1,G1.2,G1.3,G1.4,G2.1,G2.2,G2.3,G2.4,G7.1,G7.2,G7.3,G13.1,G13.2,G13.3,G15.1,G15.2,G15.3,G15.4,G15.5,G16,G18,G21,G23.1,G23.2,G23.3,E1,E2,E3,E4,E5,E6,E8,E9,E10,E11,E12,E13,E14,E15,E16,E18,E19,E20,E21,E23,E24,E25,E26,E27,E28,E29,E30,E31,E32,E33,E34,E35,E36,E37,E38,F_BUS,T_BUS,TYPE,DONE,TAP,Total,Error
E1_QF,0.0,0.0,0.0,0.0,0.0,0.0,0.0,0.0,0.0,0.0,0.0,0.0,0.0,0.0,0.0,0.0,0.0,0.0,0.0,0.0,0.0,0.0,0.0,0.0,0.0,-26.9205513246336,0.0,0.0,0.0,0.0,0.0,0.0,0.0,0.0,0.0,0.0,0.0,0.0,0.0,0.0,0.0,0.0,0.0,0.0,0.0,0.0,0.0,0.0,0.0,0.0,0.0,0.0,0.0,0.0,0.0,0.0,0.0,0.0,0.0,0.0,1,2,E,True,1.0,-26.9205513246336,0.0
E1_QT,0.0,0.0,0.0,0.0,0.0,0.0,0.0,0.0,0.0,0.0,0.0,0.0,0.0,0.0,0.0,0.0,0.0,0.0,0.0,0.0,0.0,0.0,0.0,0.0,0.0,22.454493456311177,0.0,0.0,0.0,0.0,0.0,0.0,0.0,0.0,0.0,0.0,0.0,0.0,0.0,0.0,0.0,0.0,0.0,0.0,0.0,0.0,0.0,0.0,0.0,0.0,0.0,0.0,0.0,0.0,0.0,0.0,0.0,0.0,0.0,0.0,1,2,E,True,1.0,22.454493456311177,0.0
E2_QF,2.450004217091714,2.450004217091714,2.3345518424638008,2.3345518424638008,0.0,0.0,0.0,0.0,0.0,0.0,0.0,0.0,0.0,0.0,0.0,0.0,0.0,0.0,0.0,0.0,0.0,0.0,0.0,0.0,0.0,11.996305231990386,0.0,0.0,0.0,0.0,0.0,0.0,0.0,0.0,0.0,0.0,0.0,0.0,0.0,0.0,0.0,0.0,0.0,0.0,0.0,0.0,0.0,0.0,0.0,0.0,0.0,0.0,0.0,0.0,0.0,0.0,0.0,0.0,0.0,0.0,1,3,E,True,1.0,21.565417351101416,0.0
E2_QT,2.3185888173930906,2.3185888173930906,2.2093291749458155,2.2093291749458155,0.0,0.0,0.0,0.0,0.0,0.0,0.0,0.0,0.0,0.0,0.0,0.0,0.0,0.0,0.0,0.0,0.0,0.0,0.0,0.0,0.0,11.352837259171919,5.6989320051254575,0.0,0.0,0.0,0.0,0.0,0.0,0.0,0.0,0.0,0.0,0.0,0.0,0.0,0.0,0.0,0.0,0.0,0.0,0.0,0.0,0.0,0.0,0.0,0.0,0.0,0.0,0.0,0.0,0.0,0.0,0.0,0.0,0.0,1,3,E,True,1.0,26.10760524897519,0.0
E3_QF,0.548600997707755,0.548600997707755,0.5227490879572537,0.5227490879572537,0.0,0.0,0.0,0.0,0.0,0.0,0.0,0.0,0.0,0.0,0.0,0.0,0.0,0.0,0.0,0.0,0.0,0.0,0.0,0.0,0.0,2.686193343327754,0.0,0.0,0.0,0.0,0.0,0.0,0.0,0.0,0.0,0.0,0.0,0.0,0.0,0.0,0.0,0.0,0.0,0.0,0.0,0.0,0.0,0.0,0.0,0.0,0.0,0.0,0.0,0.0,0.0,0.0,0.0,0.0,0.0,0.0,1,5,E,True,1.0,4.828893514657771,0.0
E3_QT,0.288480653050472,0.288480653050472,0.2748864819888304,0.2748864819888304,0.0,0.0,0.0,0.0,0.0,0.0,0.0,0.0,0.0,0.0,0.0,0.0,0.0,0.0,0.0,0.0,0.0,0.0,0.0,0.0,0.0,1.41252898398086,0.0,1.8328113602283593,0.0,0.0,0.0,0.0,0.0,0.0,0.0,0.0,0.0,0.0,0.0,0.0,0.0,0.0,0.0,0.0,0.0,0.0,0.0,0.0,0.0,0.0,0.0,0.0,0.0,0.0,0.0,0.0,0.0,0.0,0.0,0.0,1,5,E,True,1.0,4.372074614287824,0.0
E4_QF,0.0,0.0,0.0,0.0,2.4705506838797078,2.4705506838797078,1.3591255095010586,1.3591255095010586,0.0,0.0,0.0,0.0,0.0,0.0,0.0,0.0,0.0,0.0,0.0,0.0,0.0,0.0,0.0,0.0,0.0,10.983753121849757,0.0,0.0,0.0,0.5077998411544054,0.0,0.0,0.0,0.0,0.0,0.0,0.0,0.0,0.0,0.0,0.0,0.0,0.0,0.0,0.0,0.0,0.0,0.0,0.0,0.0,0.0,0.0,0.0,0.0,0.0,0.0,0.0,0.0,0.0,0.0,2,4,E,True,1.0,19.150905349765697,7.105427357601002e-15
E4_QT,0.0,0.0,0.0,0.0,2.2035433827045807,2.2035433827045807,1.2122366249223941,1.2122366249223941,0.0,0.0,0.0,0.0,0.0,0.0,0.0,0.0,0.0,0.0,0.0,0.0,0.0,0.0,0.0,0.0,0.0,9.796672728407492,0.0,0.0,3.346556983194159,0.4529188520662261,0.0,0.0,0.0,0.0,0.0,0.0,0.0,0.0,0.0,0.0,0.0,0.0,0.0,0.0,0.0,0.0,0.0,0.0,0.0,0.0,0.0,0.0,0.0,0.0,0.0,0.0,0.0,0.0,0.0,0.0,2,4,E,True,1.0,20.427708578921827,3.552713678800501e-15
E5_QF,0.0,0.0,0.0,0.0,0.0,0.0,0.0,0.0,0.0,0.0,0.0,0.0,0.0,0.0,0.0,0.0,0.0,0.0,0.0,0.0,0.0,0.0,0.0,0.0,0.0,0.0,0.0,0.0,0.0,-1.0381140293143436,0.0,0.0,0.0,0.0,0.0,0.0,0.0,0.0,0.0,0.0,0.0,0.0,0.0,0.0,0.0,0.0,0.0,0.0,0.0,0.0,0.0,0.0,0.0,0.0,0.0,0.0,0.0,0.0,0.0,0.0,2,6,E,True,1.0,-1.0381140293143436,0.0
E5_QT,0.0,0.0,0.0,0.0,0.0,0.0,0.0,0.0,0.0,0.0,0.0,0.0,0.0,0.0,0.0,0.0,0.0,0.0,0.0,0.0,0.0,0.0,0.0,0.0,0.0,0.0,0.0,0.0,0.0,0.19036225317093508,0.0,0.0,0.0,0.0,0.0,0.0,0.0,0.0,0.0,0.0,0.0,0.0,0.0,0.0,0.0,0.0,0.0,0.0,0.0,0.0,0.0,0.0,0.0,0.0,0.0,0.0,0.0,0.0,0.0,0.0,2,6,E,True,1.0,0.19036225317093508,0.0
E6_QF,0.0,0.0,0.0,0.0,0.1350108262645063,0.1350108262645063,0.07427358573625628,0.07427358573625628,0.09301465513505247,0.09301465513505247,0.09301465513505247,-1.763843594636306,-1.763843594636306,-1.763843594636306,0.0,0.0,0.0,0.0,0.0,0.0,0.0,0.0,0.03828674305846452,0.03828674305846452,0.10964679062663715,0.6002409074795937,0.0,0.0,0.20504312598907917,0.027750281173579625,0.0,0.7320190711232488,0.0,-0.626159048034848,0.0211290266988169,1.0222753480455158,0.06494450633754396,9.812758313236094,9.812758313236094,-0.5557258904549751,-0.82751143507346,0.0,-0.5877491684352484,-0.548000470193937,0.0,0.0,0.0,0.0,0.0,0.0,0.0,0.0,0.0,0.0,0.0,0.0,0.0,0.0,0.0,0.0,9,3,E,True,1.0,14.746075163368426,-1.7763568394002505e-15
E6_QT,0.0,0.0,0.0,0.0,0.12736115345304755,0.12736115345304755,0.07006526670632113,0.07006526670632113,0.08774447274938343,0.08774447274938343,0.08774447274938343,-1.663904747042554,-1.663904747042554,-1.663904747042554,0.0,0.0,0.0,0.0,0.0,0.0,0.0,0.0,0.03611742771156155,0.03611742771156155,0.10343423644615211,0.5662314381850627,0.0,0.0,0.19342544413753474,0.026177958588219107,3.098812012481105,0.6905430907091289,0.0,-0.590681064691372,0.01993186240064522,0.964353534275947,0.06126477014060663,9.256770378408438,9.256770378408438,-0.5242386286371076,-0.7806248860373783,0.0,-0.5544474773180627,-0.5169509283646294,0.0,0.0,0.0,0.0,0.0,0.0,0.0,0.0,0.0,0.0,0.0,0.0,0.0,0.0,0.0,0.0,9,3,E,True,1.0,17.009378991995074,-3.552713678800501e-15
E8_QF,0.0,0.0,0.0,0.0,0.585488640398879,0.585488640398879,0.3220952121652382,0.3220952121652382,0.0,0.0,0.0,0.0,0.0,0.0,0.0,0.0,0.0,0.0,0.0,0.0,0.0,0.0,0.0,0.0,0.0,2.603007792452915,0.0,0.0,0.8891910699315725,0.12034201141154802,0.0,0.0,0.0,0.0,0.0,0.0,0.0,0.0,0.0,0.0,0.0,0.0,0.0,0.0,0.0,0.0,0.0,0.0,0.0,0.0,0.0,0.0,0.0,0.0,0.0,0.0,0.0,0.0,0.0,0.0,4,9,E,True,1.0,5.42770857892427,8.881784197001252e-16
E8_QT,0.0,0.0,0.0,0.0,0.4646164800851348,0.4646164800851348,0.255599739094057,0.255599739094057,0.0,0.0,0.0,0.0,0.0,0.0,0.0,0.0,0.0,0.0,0.0,0.0,0.0,0.0,0.0,0.0,0.0,2.0656255898316247,0.0,0.0,0.7056205646505539,0.09549780796824082,0.0,2.519117418881293,0.0,0.0,0.0,0.0,0.0,0.0,0.0,0.0,0.0,0.0,0.0,0.0,0.0,0.0,0.0,0.0,0.0,0.0,0.0,0.0,0.0,0.0,0.0,0.0,0.0,0.0,0.0,0.0,4,9,E,True,1.0,6.826293819690095,-8.881784197001252e-16
E9_QF,0.0,0.0,0.0,0.0,0.0,0.0,0.0,0.0,0.0,0.0,0.0,0.0,0.0,0.0,0.0,0.0,0.0,0.0,0.0,0.0,0.0,0.0,0.0,0.0,0.0,0.0,0.0,0.0,0.0,0.0,0.0,0.0,0.0,7.300920218078967,0.0,0.0,0.0,0.0,0.0,0.0,0.0,0.0,0.0,0.0,0.0,0.0,0.0,0.0,0.0,0.0,0.0,0.0,0.0,0.0,0.0,0.0,0.0,0.0,0.0,0.0,10,5,E,True,1.0,7.300920218078967,0.0
E9_QT,0.0,0.0,0.0,0.0,0.0,0.0,0.0,0.0,0.0,0.0,0.0,0.0,0.0,0.0,0.0,0.0,0.0,0.0,0.0,0.0,0.0,0.0,0.0,0.0,0.0,0.0,0.0,0.0,0.0,0.0,0.0,0.0,2.4776132819520815,7.150312103752465,0.0,0.0,0.0,0.0,0.0,0.0,0.0,0.0,0.0,0.0,0.0,0.0,0.0,0.0,0.0,0.0,0.0,0.0,0.0,0.0,0.0,0.0,0.0,0.0,0.0,0.0,10,5,E,True,1.0,9.627925385704547,0.0
E10_QF,0.0,0.0,0.0,0.0,0.0,0.0,0.0,0.0,0.0,0.0,0.0,0.0,0.0,0.0,0.0,0.0,0.0,0.0,0.0,0.0,0.0,0.0,0.0,0.0,0.0,0.0,0.0,0.0,0.0,0.0,0.0,0.0,0.0,-130.30516850271317,0.0,0.0,0.0,0.0,0.0,0.0,0.0,0.0,0.0,0.0,0.0,0.0,0.0,0.0,0.0,0.0,0.0,0.0,0.0,0.0,0.0,0.0,0.0,0.0,0.0,0.0,6,10,E,True,1.0,-130.30516850271317,0.0
E10_QT,0.0,0.0,0.0,0.0,0.0,0.0,0.0,0.0,0.0,0.0,0.0,0.0,0.0,0.0,0.0,0.0,0.0,0.0,0.0,0.0,0.0,0.0,0.0,0.0,0.0,0.0,0.0,0.0,0.0,0.0,0.0,0.0,0.0,121.11721269106678,0.0,0.0,0.0,0.0,0.0,0.0,0.0,0.0,0.0,0.0,0.0,0.0,0.0,0.0,0.0,0.0,0.0,0.0,0.0,0.0,0.0,0.0,0.0,0.0,0.0,0.0,6,10,E,True,1.0,121.11721269106678,0.0
E11_QF,0.0,0.0,0.0,0.0,0.0,0.0,0.0,0.0,8.946535793691714,8.946535793691714,8.946535793691714,0.0,0.0,0.0,0.0,0.0,0.0,0.0,0.0,0.0,0.0,0.0,0.0,0.0,0.0,0.0,0.0,0.0,0.0,0.0,0.0,0.0,0.0,0.0,0.0,0.0,0.0,0.0,0.0,0.0,0.0,0.0,0.0,0.0,0.0,0.0,0.0,0.0,0.0,0.0,0.0,0.0,0.0,0.0,0.0,0.0,0.0,0.0,0.0,0.0,7,8,E,True,1.0,26.83960738107514,3.552713678800501e-15
E11_QT,0.0,0.0,0.0,0.0,0.0,0.0,0.0,0.0,6.306423948224373,6.306423948224373,6.306423948224373,0.0,0.0,0.0,0.0,0.0,0.0,0.0,0.0,0.0,0.0,0.0,0.0,0.0,0.0,0.0,0.0,0.0,0.0,0.0,0.0,0.0,0.0,0.0,1.4325548998985265,0.0,0.0,0.0,0.0,0.0,0.0,0.0,0.0,0.0,0.0,0.0,0.0,0.0,0.0,0.0,0.0,0.0,0.0,0.0,0.0,0.0,0.0,0.0,0.0,0.0,7,8,E,True,1.0,20.351826744571646,0.0
E12_QF,0.0,0.0,0.0,0.0,0.0,0.0,0.0,0.0,0.5520319225196372,0.5520319225196372,0.5520319225196372,0.0,0.0,0.0,0.0,0.0,0.0,0.0,0.0,0.0,0.0,0.0,0.0,0.0,0.0,0.0,0.0,0.0,0.0,0.0,0.0,0.0,0.0,1.1906967700415807,0.12539848922281396,0.0,0.38543862403777895,0.0,0.0,0.0,0.0,0.0,0.0,0.0,0.0,0.0,0.0,0.0,0.0,0.0,0.0,0.0,0.0,0.0,0.0,0.0,0.0,0.0,0.0,0.0,8,9,E,True,1.0,3.3576296508610852,0.0
E12_QT,0.0,0.0,0.0,0.0,0.0,0.0,0.0,0.0,0.32009389810350414,0.32009389810350414,0.32009389810350414,0.0,0.0,0.0,0.0,0.0,0.0,0.0,0.0,0.0,0.0,0.0,0.0,0.0,0.0,0.0,0.0,0.0,0.0,0.0,0.0,0.0,0.0,0.6904216133774461,0.07271190232697625,3.517984350056376,0.22349532085893972,0.0,0.0,0.0,0.0,0.0,0.0,0.0,0.0,0.0,0.0,0.0,0.0,0.0,0.0,0.0,0.0,0.0,0.0,0.0,0.0,0.0,0.0,0.0,8,9,E,True,1.0,5.464894880930251,0.0
E13_QF,0.0,0.0,0.0,0.0,0.0,0.0,0.0,0.0,0.0,0.0,0.0,0.0,0.0,0.0,0.0,0.0,0.0,0.0,0.0,0.0,0.0,0.0,0.0,0.0,0.0,0.0,0.0,0.0,0.0,0.0,0.0,0.0,0.0,14.610537656745617,0.0,0.0,0.0,0.0,0.0,0.0,0.0,0.0,0.0,0.0,0.0,0.0,0.0,0.0,0.0,0.0,0.0,0.0,0.0,0.0,0.0,0.0,0.0,0.0,0.0,0.0,10,8,E,True,1.0,14.610537656745617,0.0
E13_QT,0.0,0.0,0.0,0.0,0.0,0.0,0.0,0.0,0.0,0.0,0.0,0.0,0.0,0.0,0.0,0.0,0.0,0.0,0.0,0.0,0.0,0.0,0.0,0.0,0.0,0.0,0.0,0.0,0.0,0.0,0.0,0.0,0.0,13.602544199600194,0.0,0.0,4.403258706684725,0.0,0.0,0.0,0.0,0.0,0.0,0.0,0.0,0.0,0.0,0.0,0.0,0.0,0.0,0.0,0.0,0.0,0.0,0.0,0.0,0.0,0.0,0.0,10,8,E,True,1.0,18.00580290628492,3.552713678800501e-15
E14_QF,0.0,0.0,0.0,0.0,0.0,0.0,0.0,0.0,0.0,0.0,0.0,4.862726944222283,4.862726944222283,4.862726944222283,0.0,0.0,0.0,0.0,0.0,0.0,0.0,0.0,0.0,0.0,0.0,0.0,0.0,0.0,0.0,0.0,0.0,0.0,0.0,3.097921338248541,0.0,0.0,0.0,0.0,0.0,2.0822751854819965,3.1006410832242266,0.0,0.0,0.0,0.0,0.0,0.0,0.0,0.0,0.0,0.0,0.0,0.0,0.0,0.0,0.0,0.0,0.0,0.0,0.0,11,9,E,True,1.03,22.869018439621613,0.0
E14_QT,0.0,0.0,0.0,0.0,0.0,0.0,0.0,0.0,0.0,0.0,0.0,-4.46609961123297,-4.46609961123297,-4.46609961123297,0.0,0.0,0.0,0.0,0.0,0.0,0.0,0.0,0.0,0.0,0.0,0.0,0.0,0.0,0.0,0.0,0.0,0.0,0.0,-2.8452400151361825,0.0,0.0,0.0,33.76891582375629,0.0,-1.912434834000028,-2.8477379246667587,0.0,0.0,0.0,0.0,0.0,0.0,0.0,0.0,0.0,0.0,0.0,0.0,0.0,0.0,0.0,0.0,0.0,0.0,0.0,11,9,E,True,1.03,12.765204216254407,-1.7763568394002505e-15
E15_QF,0.0,0.0,0.0,0.0,0.0,0.0,0.0,0.0,0.0,0.0,0.0,7.773585846421603,7.773585846421603,7.773585846421603,0.0,0.0,0.0,0.0,0.0,0.0,0.0,0.0,-0.6385990951658267,-0.6385990951658267,-1.8288403684556052,0.0,0.0,0.0,0.0,0.0,0.0,0.0,0.0,0.0,0.0,0.0,0.0,0.0,0.0,0.0,0.0,0.0,9.803291091490127,9.140307491862448,0.0,0.0,0.0,0.0,0.0,0.0,0.0,0.0,0.0,0.0,0.0,0.0,0.0,0.0,0.0,0.0,12,9,E,True,1.03,39.158317563830124,0.0
E15_QT,0.0,0.0,0.0,0.0,0.0,0.0,0.0,0.0,0.0,0.0,0.0,-1.60386399861183,-1.60386399861183,-1.60386399861183,0.0,0.0,0.0,0.0,0.0,0.0,0.0,0.0,0.13175722485319166,0.13175722485319166,0.3773305246926909,0.0,0.0,0.0,0.0,0.0,0.0,0.0,0.0,0.0,0.0,0.0,0.0,0.0,33.76891582375629,0.0,0.0,0.0,-2.0226374237303735,-1.8858491321850506,0.0,0.0,0.0,0.0,0.0,0.0,0.0,0.0,0.0,0.0,0.0,0.0,0.0,0.0,0.0,0.0,12,9,E,True,1.03,25.68968224640445,0.0
E16_QF,0.0,0.0,0.0,0.0,0.0,0.0,0.0,0.0,0.0,0.0,0.0,0.0,0.0,0.0,0.0,0.0,0.0,0.0,0.0,0.0,0.0,0.0,0.0,0.0,0.0,0.0,0.0,0.0,0.0,0.0,0.0,0.0,0.0,36.028654072653936,0.0,0.0,0.0,0.0,0.0,0.0,0.0,0.0,0.0,0.0,0.0,0.0,0.0,0.0,0.0,0.0,0.0,0.0,0.0,0.0,0.0,0.0,0.0,0.0,0.0,0.0,10,11,E,True,1.02,36.028654072653936,0.0
E16_QT,0.0,0.0,0.0,0.0,0.0,0.0,0.0,0.0,0.0,0.0,0.0,0.0,0.0,0.0,0.0,0.0,0.0,0.0,0.0,0.0,0.0,0.0,0.0,0.0,0.0,0.0,0.0,0.0,0.0,0.0,0.0,0.0,0.0,9.62631734015288,0.0,0.0,0.0,0.0,0.0,6.470352063977181,0.0,0.0,0.0,0.0,0.0,0.0,0.0,0.0,0.0,0.0,0.0,0.0,0.0,0.0,0.0,0.0,0.0,0.0,0.0,0.0,10,11,E,True,1.02,16.09666940413006,0.0
E18_QF,0.0,0.0,0.0,0.0,0.0,0.0,0.0,0.0,0.0,0.0,0.0,16.565591793061614,16.565591793061614,16.565591793061614,0.0,0.0,0.0,0.0,0.0,0.0,0.0,0.0,0.0,0.0,0.0,0.0,0.0,0.0,0.0,0.0,0.0,0.0,0.0,0.0,0.0,0.0,0.0,0.0,0.0,0.0,0.0,0.0,0.0,0.0,0.0,0.0,0.0,0.0,0.0,0.0,0.0,0.0,0.0,0.0,0.0,0.0,0.0,0.0,0.0,0.0,13,11,E,True,1.0,49.69677537918484,0.0
E18_QT,0.0,0.0,0.0,0.0,0.0,0.0,0.0,0.0,0.0,0.0,0.0,15.110181180410622,15.110181180410622,15.110181180410622,0.0,0.0,0.0,0.0,0.0,0.0,0.0,0.0,0.0,0.0,0.0,0.0,0.0,0.0,0.0,0.0,0.0,0.0,0.0,0.0,0.0,0.0,0.0,0.0,0.0,0.0,9.634768532214148,0.0,0.0,0.0,0.0,0.0,0.0,0.0,0.0,0.0,0.0,0.0,0.0,0.0,0.0,0.0,0.0,0.0,0.0,0.0,13,11,E,True,1.0,54.965312073446015,0.0
E19_QF,0.0,0.0,0.0,0.0,0.0,0.0,0.0,0.0,0.0,0.0,0.0,10.247454236195981,10.247454236195981,10.247454236195981,0.0,0.0,0.0,0.0,0.0,0.0,0.0,0.0,0.0,0.0,0.0,0.0,0.0,0.0,0.0,0.0,0.0,0.0,0.0,6.528396001909208,0.0,0.0,0.0,0.0,0.0,4.388076878498457,6.534127448994793,0.0,0.0,0.0,0.0,0.0,0.0,0.0,0.0,0.0,0.0,0.0,0.0,0.0,0.0,0.0,0.0,0.0,0.0,0.0,11,14,E,True,1.0,48.1929630379904,7.105427357601002e-15
E19_QT,0.0,0.0,0.0,0.0,0.0,0.0,0.0,0.0,0.0,0.0,0.0,7.561161731040811,7.561161731040811,7.561161731040811,0.0,0.0,0.0,0.0,0.0,0.0,0.0,0.0,0.0,0.0,0.0,0.0,0.0,0.0,0.0,0.0,0.0,0.0,0.0,4.817026441587681,0.0,0.0,0.0,0.0,0.0,3.2377757637963467,4.821255433234596,7.398625948950745,0.0,0.0,0.0,0.0,0.0,0.0,0.0,0.0,0.0,0.0,0.0,0.0,0.0,0.0,0.0,0.0,0.0,0.0,11,14,E,True,1.0,42.9581687806918,7.105427357601002e-15
E20_QF,0.0,0.0,0.0,0.0,0.0,0.0,0.0,0.0,0.0,0.0,0.0,8.399184397207344,8.399184397207344,8.399184397207344,0.0,0.0,0.0,0.0,0.0,0.0,0.0,0.0,0.0,0.0,0.0,0.0,0.0,0.0,0.0,0.0,0.0,0.0,0.0,0.0,0.0,0.0,0.0,0.0,0.0,0.0,0.0,0.0,0.0,0.0,0.0,0.0,0.0,0.0,0.0,0.0,0.0,0.0,0.0,0.0,0.0,0.0,0.0,0.0,0.0,0.0,13,12,E,True,1.0,25.197553191622035,3.552713678800501e-15
E20_QT,0.0,0.0,0.0,0.0,0.0,0.0,0.0,0.0,0.0,0.0,0.0,7.815248202910573,7.815248202910573,7.815248202910573,0.0,0.0,0.0,0.0,0.0,0.0,0.0,0.0,0.0,0.0,0.0,0.0,0.0,0.0,0.0,0.0,0.0,0.0,0.0,0.0,0.0,0.0,0.0,0.0,0.0,0.0,0.0,0.0,9.85583160706272,0.0,0.0,0.0,0.0,0.0,0.0,0.0,0.0,0.0,0.0,0.0,0.0,0.0,0.0,0.0,0.0,0.0,13,12,E,True,1.0,33.30157621579444,0.0
E21_QF,0.0,0.0,0.0,0.0,0.0,0.0,0.0,0.0,0.0,0.0,0.0,0.0,0.0,0.0,0.0,0.0,0.0,0.0,0.0,0.0,0.0,0.0,7.0980272699723725,7.0980272699723725,20.327555904778343,0.0,0.0,0.0,0.0,0.0,0.0,0.0,0.0,0.0,0.0,0.0,0.0,0.0,0.0,0.0,0.0,0.0,0.0,0.0,0.0,0.0,0.0,0.0,0.0,0.0,0.0,0.0,0.0,0.0,0.0,0.0,0.0,0.0,0.0,0.0,23,12,E,True,1.0,34.52361044472309,7.105427357601002e-15
E21_QT,0.0,0.0,0.0,0.0,0.0,0.0,0.0,0.0,0.0,0.0,0.0,0.0,0.0,0.0,0.0,0.0,0.0,0.0,0.0,0.0,0.0,0.0,-0.6420216524877581,-0.6420216524877581,-1.8386419968028487,0.0,0.0,0.0,0.0,0.0,0.0,0.0,0.0,0.0,0.0,0.0,0.0,0.0,0.0,0.0,0.0,0.0,0.0,9.189294761916212,0.0,0.0,0.0,0.0,0.0,0.0,0.0,0.0,0.0,0.0,0.0,0.0,0.0,0.0,0.0,0.0,23,12,E,True,1.0,6.0666094601378475,-8.881784197001252e-16
E23_QF,0.0,0.0,0.0,0.0,0.0,0.0,0.0,0.0,0.0,0.0,0.0,0.0,0.0,0.0,0.0,0.0,0.0,0.0,0.0,25.7344002006466,16.14740155192818,0.0,3.178552781718208,3.178552781718208,9.102840396232665,0.0,0.0,0.0,0.0,0.0,0.0,0.0,0.0,0.0,0.0,0.0,0.0,0.0,0.0,0.0,0.0,0.0,0.0,0.0,0.0,0.0,0.0,0.0,0.0,2.555408446645004,2.814288305120453,0.9210574772970055,0.0,0.0,0.0,2.4806302786470553,2.4806302786470553,0.9457377769567097,0.9457377769567097,0.0,16,14,E,True,1.0,70.48523805251384,-1.4210854715202004e-14
E23_QT,0.0,0.0,0.0,0.0,0.0,0.0,0.0,0.0,0.0,0.0,0.0,0.0,0.0,0.0,0.0,0.0,0.0,0.0,0.0,6.832763985470015,4.287311261296283,0.0,0.8439404378382992,0.8439404378382992,2.416903426538668,0.0,0.0,0.0,0.0,0.0,0.0,0.0,0.0,0.0,0.0,0.0,0.0,0.0,0.0,0.0,0.0,0.0,0.0,0.0,5.051211400646174,0.0,0.0,0.0,0.0,0.6784888191007128,0.747224245602325,0.2445508078818452,0.0,0.0,0.0,0.6586343997549309,0.6586343997549309,0.25110369667469135,0.25110369667469135,0.0,16,14,E,True,1.0,23.76581101507186,-3.552713678800501e-15
E24_QF,0.0,0.0,0.0,0.0,0.0,0.0,0.0,0.0,0.0,0.0,0.0,0.0,0.0,0.0,0.0,0.0,0.0,0.0,0.0,11.365831000865422,7.131646189978674,0.0,1.4038366335591577,1.4038366335591577,4.020351932229287,0.0,0.0,0.0,0.0,0.0,0.0,0.0,0.0,0.0,0.0,0.0,0.0,0.0,0.0,0.0,0.0,0.0,0.0,0.0,0.0,0.0,0.0,0.0,0.0,1.1286192923206881,1.2429559272536437,0.4067933795782881,0.0,0.0,0.0,1.0955928369383066,1.0955928369383066,0.41769365752515336,0.41769365752515336,0.0,16,15,E,True,1.0,31.130443978271238,0.0
E24_QT,0.0,0.0,0.0,0.0,0.0,0.0,0.0,0.0,0.0,0.0,0.0,0.0,0.0,0.0,0.0,0.0,0.0,0.0,0.0,10.58056302998002,6.638919056146511,0.0,1.3068452261903825,1.3068452261903825,3.7425848596917395,0.0,0.0,0.0,0.0,0.0,0.0,0.0,0.0,0.0,0.0,0.0,0.0,0.0,0.0,0.0,0.0,0.0,0.0,0.0,0.0,3.6236668225032647,0.0,0.0,0.0,1.050642716607456,1.1570798062009786,0.37868792809596935,0.0,0.0,0.0,1.0198980668934574,1.0198980668934574,0.3888351032433323,0.3888351032433323,0.0,16,15,E,True,1.0,32.60330101188028,0.0
E25_QF,0.0,0.0,0.0,0.0,0.0,0.0,0.0,0.0,0.0,0.0,0.0,0.0,0.0,0.0,0.0,0.0,0.0,0.0,0.0,0.0,3.849303570924154,45.01133201719133,0.0,0.0,0.0,0.0,0.0,0.0,0.0,0.0,0.0,0.0,0.0,0.0,0.0,0.0,0.0,0.0,0.0,0.0,0.0,0.0,0.0,0.0,0.0,0.0,0.0,0.0,0.0,0.0,0.0,0.0,0.0,2.394475709423097,2.394475709423097,0.0,0.0,0.0,0.0,0.0,21,15,E,True,1.0,53.64958700696168,7.105427357601002e-15
E25_QT,0.0,0.0,0.0,0.0,0.0,0.0,0.0,0.0,0.0,0.0,0.0,0.0,0.0,0.0,0.0,0.0,0.0,0.0,0.0,0.0,2.3794885336042775,27.824240526565685,0.0,0.0,0.0,0.0,0.0,0.0,0.0,0.0,0.0,0.0,0.0,0.0,0.0,0.0,0.0,0.0,0.0,0.0,0.0,0.0,0.0,0.0,0.0,0.0,8.805049091467815,0.0,0.0,0.0,0.0,0.0,0.0,1.4801709944633754,1.4801709944633754,0.0,0.0,0.0,0.0,0.0,21,15,E,True,1.0,41.969120140564534,1.4210854715202004e-14
E26_QF,0.0,0.0,0.0,0.0,0.0,0.0,0.0,0.0,0.0,0.0,0.0,0.0,0.0,0.0,0.0,0.0,0.0,0.0,0.0,0.0,3.849303570924154,45.01133201719133,0.0,0.0,0.0,0.0,0.0,0.0,0.0,0.0,0.0,0.0,0.0,0.0,0.0,0.0,0.0,0.0,0.0,0.0,0.0,0.0,0.0,0.0,0.0,0.0,0.0,0.0,0.0,0.0,0.0,0.0,0.0,2.394475709423097,2.394475709423097,0.0,0.0,0.0,0.0,0.0,21,15,E,True,1.0,53.64958700696168,7.105427357601002e-15
E26_QT,0.0,0.0,0.0,0.0,0.0,0.0,0.0,0.0,0.0,0.0,0.0,0.0,0.0,0.0,0.0,0.0,0.0,0.0,0.0,0.0,2.3794885336042775,27.824240526565685,0.0,0.0,0.0,0.0,0.0,0.0,0.0,0.0,0.0,0.0,0.0,0.0,0.0,0.0,0.0,0.0,0.0,0.0,0.0,0.0,0.0,0.0,0.0,0.0,0.0,8.805049091467815,0.0,0.0,0.0,0.0,0.0,1.4801709944633754,1.4801709944633754,0.0,0.0,0.0,0.0,0.0,21,15,E,True,1.0,41.969120140564534,1.4210854715202004e-14
E27_QF,0.0,0.0,0.0,0.0,0.0,0.0,0.0,0.0,0.0,0.0,0.0,0.0,0.0,0.0,0.6702256779605072,0.6702256779605072,0.6702256779605072,0.6702256779605072,0.6702256779605072,4.106874015459214,4.424124055333814,21.60010768702081,0.5072554916463964,0.5072554916463964,1.4526943856737364,0.0,0.0,0.0,0.0,0.0,0.0,0.0,0.0,0.0,0.0,0.0,0.0,0.0,0.0,0.0,0.0,0.0,0.0,0.0,0.0,1.4065360294960045,3.4177035018012853,3.4177035018012853,0.0,0.40780979803631373,0.4491236408152049,0.14698873844980637,0.0,1.1490647101432256,1.1490647101432256,0.39587617950703075,0.39587617950703075,0.15092739179225492,0.15092739179225492,0.0,15,24,E,True,1.0,48.58704128986783,1.4210854715202004e-14
E27_QT,0.0,0.0,0.0,0.0,0.0,0.0,0.0,0.0,0.0,0.0,0.0,0.0,0.0,0.0,0.36189393359032956,0.36189393359032956,0.36189393359032956,0.36189393359032956,0.36189393359032956,2.21754080914522,2.388842608878224,11.663157939005862,0.2738968249706898,0.2738968249706898,0.7843944253759756,0.0,0.0,0.0,0.0,0.0,0.0,0.0,0.0,0.0,0.0,0.0,0.0,0.0,0.0,0.0,0.0,0.0,0.0,0.0,0.0,0.7594708367482549,1.8454174538284278,1.8454174538284278,8.244671569825542,0.2202002949471234,0.24250804824073316,0.07936779282009991,0.0,0.6204470547427563,0.6204470547427563,0.2137566382900546,0.2137566382900546,0.08149450147663008,0.08149450147663008,0.0,15,24,E,True,1.0,34.4796489395558,7.105427357601002e-15
E28_QF,0.0,0.0,0.0,0.0,0.0,0.0,0.0,0.0,0.0,0.0,0.0,0.0,0.0,0.0,0.0,0.0,0.0,0.0,0.0,0.0,51.47949590776197,0.0,0.0,0.0,0.0,0.0,0.0,0.0,0.0,0.0,0.0,0.0,0.0,0.0,0.0,0.0,0.0,0.0,0.0,0.0,0.0,0.0,0.0,0.0,0.0,0.0,0.0,0.0,0.0,0.0,0.0,2.9364213480937935,0.0,0.0,0.0,0.0,0.0,0.0,0.0,0.0,17,16,E,True,1.0,54.41591725585577,-7.105427357601002e-15
E28_QT,0.0,0.0,0.0,0.0,0.0,0.0,0.0,0.0,0.0,0.0,0.0,0.0,0.0,0.0,0.0,0.0,0.0,0.0,0.0,0.0,27.860830253557502,0.0,0.0,0.0,0.0,0.0,0.0,0.0,0.0,0.0,0.0,0.0,0.0,0.0,0.0,0.0,0.0,0.0,0.0,0.0,0.0,0.0,0.0,0.0,0.0,0.0,0.0,0.0,0.0,4.409118131578387,0.0,1.5891984816391405,0.0,0.0,0.0,0.0,0.0,0.0,0.0,0.0,17,16,E,True,1.0,33.85914686677503,-7.105427357601002e-15
E29_QF,0.0,0.0,0.0,0.0,0.0,0.0,0.0,0.0,0.0,0.0,0.0,0.0,0.0,0.0,0.0,0.0,0.0,0.0,0.0,0.0,0.0,0.0,5.931481356267143,5.931481356267143,16.98676467160714,0.0,0.0,0.0,0.0,0.0,0.0,0.0,0.0,0.0,0.0,0.0,0.0,0.0,0.0,0.0,0.0,0.0,0.0,0.0,0.0,0.0,0.0,0.0,0.0,0.0,0.0,0.0,0.0,0.0,0.0,4.629091684182458,4.629091684182458,1.764836508048767,1.764836508048767,0.0,19,16,E,True,1.0,41.63758376860387,-7.105427357601002e-15
E29_QT,0.0,0.0,0.0,0.0,0.0,0.0,0.0,0.0,0.0,0.0,0.0,0.0,0.0,0.0,0.0,0.0,0.0,0.0,0.0,0.0,0.0,0.0,5.484295365953125,5.484295365953125,15.706099231450661,0.0,0.0,0.0,0.0,0.0,0.0,0.0,0.0,0.0,0.0,0.0,0.0,0.0,0.0,0.0,0.0,0.0,0.0,0.0,0.0,0.0,0.0,0.0,0.0,0.0,4.85579110059167,0.0,0.0,0.0,0.0,4.280095400672554,4.280095400672554,1.631782029042397,1.631782029042397,0.0,19,16,E,True,1.0,43.35423592337848,0.0
E30_QF,0.0,0.0,0.0,0.0,0.0,0.0,0.0,0.0,0.0,0.0,0.0,0.0,0.0,0.0,0.0,0.0,0.0,0.0,0.0,0.0,60.490491508337264,0.0,0.0,0.0,0.0,0.0,0.0,0.0,0.0,0.0,0.0,0.0,0.0,0.0,0.0,0.0,0.0,0.0,0.0,0.0,0.0,0.0,0.0,0.0,0.0,0.0,0.0,0.0,0.0,0.0,0.0,0.0,0.0,0.0,0.0,0.0,0.0,0.0,0.0,0.0,18,17,E,True,1.0,60.490491508337264,0.0
E30_QT,0.0,0.0,0.0,0.0,0.0,0.0,0.0,0.0,0.0,0.0,0.0,0.0,0.0,0.0,0.0,0.0,0.0,0.0,0.0,0.0,55.52717832147692,0.0,0.0,0.0,0.0,0.0,0.0,0.0,0.0,0.0,0.0,0.0,0.0,0.0,0.0,0.0,0.0,0.0,0.0,0.0,0.0,0.0,0.0,0.0,0.0,0.0,0.0,0.0,0.0,0.0,0.0,3.167303582667972,0.0,0.0,0.0,0.0,0.0,0.0,0.0,0.0,18,17,E,True,1.0,58.69448190414489,-7.105427357601002e-15
E31_QF,0.0,0.0,0.0,0.0,0.0,0.0,0.0,0.0,0.0,0.0,0.0,0.0,0.0,0.0,0.0,0.0,0.0,0.0,0.0,0.0,4.0476824137150444,0.0,0.0,0.0,0.0,0.0,0.0,0.0,0.0,0.0,0.0,0.0,0.0,0.0,0.0,0.0,0.0,0.0,0.0,0.0,0.0,0.0,0.0,0.0,0.0,0.0,0.0,0.0,0.0,0.0,0.0,0.2308822345741845,0.0,0.0,0.0,0.0,0.0,0.0,0.0,0.0,17,22,E,True,1.0,4.278564648289229,-8.881784197001252e-16
E31_QT,0.0,0.0,0.0,0.0,0.0,0.0,0.0,0.0,0.0,0.0,0.0,0.0,0.0,0.0,0.0,0.0,0.0,0.0,0.0,0.0,-0.7330408640854279,0.0,0.0,0.0,0.0,0.0,0.0,0.0,0.0,0.0,0.0,0.0,0.0,0.0,0.0,0.0,0.0,0.0,0.0,0.0,0.0,0.0,0.0,0.0,0.0,0.0,0.0,0.0,0.0,0.0,0.0,-0.041813090908705254,10.033252860719585,0.0,0.0,0.0,0.0,0.0,0.0,0.0,17,22,E,True,1.0,9.258398905725452,0.0
E32_QF,0.0,0.0,0.0,0.0,0.0,0.0,0.0,0.0,0.0,0.0,0.0,0.0,0.0,0.0,0.0,0.0,0.0,0.0,0.0,0.0,5.1190798775014565,0.0,0.0,0.0,0.0,0.0,0.0,0.0,0.0,0.0,0.0,0.0,0.0,0.0,0.0,0.0,0.0,0.0,0.0,0.0,0.0,0.0,0.0,0.0,0.0,0.0,0.0,0.0,0.0,0.0,0.0,0.0,0.0,0.0,0.0,0.0,0.0,0.0,0.0,0.0,18,21,E,True,1.0,5.1190798775014565,0.0
E32_QT,0.0,0.0,0.0,0.0,0.0,0.0,0.0,0.0,0.0,0.0,0.0,0.0,0.0,0.0,0.0,0.0,0.0,0.0,0.0,0.0,4.571220468044283,0.0,0.0,0.0,0.0,0.0,0.0,0.0,0.0,0.0,0.0,0.0,0.0,0.0,0.0,0.0,0.0,0.0,0.0,0.0,0.0,0.0,0.0,0.0,0.0,0.0,0.0,0.0,0.0,0.0,0.0,0.0,0.0,5.687094390698752,0.0,0.0,0.0,0.0,0.0,0.0,18,21,E,True,1.0,10.258314858743034,0.0
E33_QF,0.0,0.0,0.0,0.0,0.0,0.0,0.0,0.0,0.0,0.0,0.0,0.0,0.0,0.0,0.0,0.0,0.0,0.0,0.0,0.0,5.1190798775014565,0.0,0.0,0.0,0.0,0.0,0.0,0.0,0.0,0.0,0.0,0.0,0.0,0.0,0.0,0.0,0.0,0.0,0.0,0.0,0.0,0.0,0.0,0.0,0.0,0.0,0.0,0.0,0.0,0.0,0.0,0.0,0.0,0.0,0.0,0.0,0.0,0.0,0.0,0.0,18,21,E,True,1.0,5.1190798775014565,0.0
E33_QT,0.0,0.0,0.0,0.0,0.0,0.0,0.0,0.0,0.0,0.0,0.0,0.0,0.0,0.0,0.0,0.0,0.0,0.0,0.0,0.0,4.571220468044283,0.0,0.0,0.0,0.0,0.0,0.0,0.0,0.0,0.0,0.0,0.0,0.0,0.0,0.0,0.0,0.0,0.0,0.0,0.0,0.0,0.0,0.0,0.0,0.0,0.0,0.0,0.0,0.0,0.0,0.0,0.0,0.0,0.0,5.687094390698752,0.0,0.0,0.0,0.0,0.0,18,21,E,True,1.0,10.258314858743034,0.0
E34_QF,0.0,0.0,0.0,0.0,0.0,0.0,0.0,0.0,0.0,0.0,0.0,0.0,0.0,0.0,0.0,0.0,0.0,0.0,0.0,0.0,0.0,0.0,5.741907188763237,5.741907188763237,16.443856150483295,0.0,0.0,0.0,0.0,0.0,0.0,0.0,0.0,0.0,0.0,0.0,0.0,0.0,0.0,0.0,0.0,0.0,0.0,0.0,0.0,0.0,0.0,0.0,0.0,0.0,0.0,0.0,0.0,0.0,0.0,0.0,0.0,1.708431136152867,1.708431136152867,0.0,20,19,E,True,1.0,31.344532800315505,7.105427357601002e-15
E34_QT,0.0,0.0,0.0,0.0,0.0,0.0,0.0,0.0,0.0,0.0,0.0,0.0,0.0,0.0,0.0,0.0,0.0,0.0,0.0,0.0,0.0,0.0,5.60115789400192,5.60115789400192,16.040773850430377,0.0,0.0,0.0,0.0,0.0,0.0,0.0,0.0,0.0,0.0,0.0,0.0,0.0,0.0,0.0,0.0,0.0,0.0,0.0,0.0,0.0,0.0,0.0,0.0,0.0,0.0,0.0,0.0,0.0,0.0,8.742596282974631,0.0,1.6665529814462974,1.6665529814462974,0.0,20,19,E,True,1.0,39.31879188430143,-7.105427357601002e-15
E35_QF,0.0,0.0,0.0,0.0,0.0,0.0,0.0,0.0,0.0,0.0,0.0,0.0,0.0,0.0,0.0,0.0,0.0,0.0,0.0,0.0,0.0,0.0,5.741907188763237,5.741907188763237,16.443856150483295,0.0,0.0,0.0,0.0,0.0,0.0,0.0,0.0,0.0,0.0,0.0,0.0,0.0,0.0,0.0,0.0,0.0,0.0,0.0,0.0,0.0,0.0,0.0,0.0,0.0,0.0,0.0,0.0,0.0,0.0,0.0,0.0,1.708431136152867,1.708431136152867,0.0,20,19,E,True,1.0,31.344532800315505,7.105427357601002e-15
E35_QT,0.0,0.0,0.0,0.0,0.0,0.0,0.0,0.0,0.0,0.0,0.0,0.0,0.0,0.0,0.0,0.0,0.0,0.0,0.0,0.0,0.0,0.0,5.60115789400192,5.60115789400192,16.040773850430377,0.0,0.0,0.0,0.0,0.0,0.0,0.0,0.0,0.0,0.0,0.0,0.0,0.0,0.0,0.0,0.0,0.0,0.0,0.0,0.0,0.0,0.0,0.0,0.0,0.0,0.0,0.0,0.0,0.0,0.0,0.0,8.742596282974631,1.6665529814462974,1.6665529814462974,0.0,20,19,E,True,1.0,39.31879188430143,-7.105427357601002e-15
E36_QF,0.0,0.0,0.0,0.0,0.0,0.0,0.0,0.0,0.0,0.0,0.0,0.0,0.0,0.0,0.0,0.0,0.0,0.0,0.0,0.0,0.0,0.0,8.559098252564917,8.559098252564917,24.511817383336314,0.0,0.0,0.0,0.0,0.0,0.0,0.0,0.0,0.0,0.0,0.0,0.0,0.0,0.0,0.0,0.0,0.0,0.0,0.0,0.0,0.0,0.0,0.0,0.0,0.0,0.0,0.0,0.0,0.0,0.0,0.0,0.0,0.0,0.0,0.0,23,20,E,True,1.0,41.63001388846615,7.105427357601002e-15
E36_QT,0.0,0.0,0.0,0.0,0.0,0.0,0.0,0.0,0.0,0.0,0.0,0.0,0.0,0.0,0.0,0.0,0.0,0.0,0.0,0.0,0.0,0.0,8.123336637064515,8.123336637064515,23.263869430570075,0.0,0.0,0.0,0.0,0.0,0.0,0.0,0.0,0.0,0.0,0.0,0.0,0.0,0.0,0.0,0.0,0.0,0.0,0.0,0.0,0.0,0.0,0.0,0.0,0.0,0.0,0.0,0.0,0.0,0.0,0.0,0.0,4.833990095615457,0.0,0.0,23,20,E,True,1.0,44.34453280031456,7.105427357601002e-15
E37_QF,0.0,0.0,0.0,0.0,0.0,0.0,0.0,0.0,0.0,0.0,0.0,0.0,0.0,0.0,0.0,0.0,0.0,0.0,0.0,0.0,0.0,0.0,8.559098252564917,8.559098252564917,24.511817383336314,0.0,0.0,0.0,0.0,0.0,0.0,0.0,0.0,0.0,0.0,0.0,0.0,0.0,0.0,0.0,0.0,0.0,0.0,0.0,0.0,0.0,0.0,0.0,0.0,0.0,0.0,0.0,0.0,0.0,0.0,0.0,0.0,0.0,0.0,0.0,23,20,E,True,1.0,41.63001388846615,7.105427357601002e-15
E37_QT,0.0,0.0,0.0,0.0,0.0,0.0,0.0,0.0,0.0,0.0,0.0,0.0,0.0,0.0,0.0,0.0,0.0,0.0,0.0,0.0,0.0,0.0,8.123336637064515,8.123336637064515,23.263869430570075,0.0,0.0,0.0,0.0,0.0,0.0,0.0,0.0,0.0,0.0,0.0,0.0,0.0,0.0,0.0,0.0,0.0,0.0,0.0,0.0,0.0,0.0,0.0,0.0,0.0,0.0,0.0,0.0,0.0,0.0,0.0,0.0,0.0,4.833990095615457,0.0,23,20,E,True,1.0,44.34453280031456,7.105427357601002e-15
E38_QF,0.0,0.0,0.0,0.0,0.0,0.0,0.0,0.0,0.0,0.0,0.0,0.0,0.0,0.0,0.0,0.0,0.0,0.0,0.0,0.0,1.4438337942404886,16.88328319467851,0.0,0.0,0.0,0.0,0.0,0.0,0.0,0.0,0.0,0.0,0.0,0.0,0.0,0.0,0.0,0.0,0.0,0.0,0.0,0.0,0.0,0.0,0.0,0.0,0.0,0.0,0.0,0.0,0.0,0.0,0.0,0.8981429718527015,0.8981429718527015,0.0,0.0,0.0,0.0,0.0,21,22,E,True,1.0,20.123402932624405,3.552713678800501e-15
E38_QT,0.0,0.0,0.0,0.0,0.0,0.0,0.0,0.0,0.0,0.0,0.0,0.0,0.0,0.0,0.0,0.0,0.0,0.0,0.0,0.0,0.6419369218600258,7.506406130758441,0.0,0.0,0.0,0.0,0.0,0.0,0.0,0.0,0.0,0.0,0.0,0.0,0.0,0.0,0.0,0.0,0.0,0.0,0.0,0.0,0.0,0.0,0.0,0.0,0.0,0.0,0.0,0.0,0.0,0.0,0.0,0.3993196010795874,0.3993196010795874,0.0,0.0,0.0,0.0,11.33986684101585,21,22,E,True,1.0,20.286849095793492,0.0
L1,2.4993762883640573,2.4993762883640573,2.381597336978062,2.381597336978062,0.0,0.0,0.0,0.0,0.0,0.0,0.0,0.0,0.0,0.0,0.0,0.0,0.0,0.0,0.0,0.0,0.0,0.0,0.0,0.0,0.0,12.238052749315761,0.0,0.0,0.0,0.0,0.0,0.0,0.0,0.0,0.0,0.0,0.0,0.0,0.0,0.0,0.0,0.0,0.0,0.0,0.0,0.0,0.0,0.0,0.0,0.0,0.0,0.0,0.0,0.0,0.0,0.0,0.0,0.0,0.0,0.0,1,0,L,True,1.0,22.0,0.0
L2,0.0,0.0,0.0,0.0,2.5800876133617723,2.5800876133617723,1.419385125327965,1.419385125327965,0.0,0.0,0.0,0.0,0.0,0.0,0.0,0.0,0.0,0.0,0.0,0.0,0.0,0.0,0.0,0.0,0.0,11.47074033446063,0.0,0.0,0.0,0.5303141881599016,0.0,0.0,0.0,0.0,0.0,0.0,0.0,0.0,0.0,0.0,0.0,0.0,0.0,0.0,0.0,0.0,0.0,0.0,0.0,0.0,0.0,0.0,0.0,0.0,0.0,0.0,0.0,0.0,0.0,0.0,2,0,L,True,1.0,20.000000000000007,7.105427357601002e-15
L3,1.9896518217530572,1.9896518217530572,1.8958927882372612,1.8958927882372612,0.10929249252281927,0.10929249252281927,0.060125143577888236,0.060125143577888236,0.07529620980871574,0.07529620980871574,0.07529620980871574,-1.4278474416602451,-1.4278474416602451,-1.4278474416602451,0.0,0.0,0.0,0.0,0.0,0.0,0.0,0.0,0.0309934669331063,0.0309934669331063,0.08876007484937001,10.228116589451997,4.890427470789569,0.0,0.16598427647656222,0.022464105150557967,2.6591851559240864,0.5925760997903876,0.0,-0.5068814477245767,0.017104139396723204,0.8275411974269169,0.05257316890564225,7.943517155257445,7.943517155257445,-0.4498651656889742,-0.669878037433284,0.0,-0.47578830064082134,-0.44361136768272424,0.0,0.0,0.0,0.0,0.0,0.0,0.0,0.0,0.0,0.0,0.0,0.0,0.0,0.0,0.0,0.0,3,0,L,True,1.0,36.999999999999986,-1.4210854715202004e-14
L4,0.0,0.0,0.0,0.0,1.6180547423059655,1.6180547423059655,0.8901414127573011,0.8901414127573011,0.0,0.0,0.0,0.0,0.0,0.0,0.0,0.0,0.0,0.0,0.0,0.0,0.0,0.0,0.0,0.0,0.0,7.193664935955749,0.0,0.0,2.4573659132629873,0.3325768406547323,0.0,0.0,0.0,0.0,0.0,0.0,0.0,0.0,0.0,0.0,0.0,0.0,0.0,0.0,0.0,0.0,0.0,0.0,0.0,0.0,0.0,0.0,0.0,0.0,0.0,0.0,0.0,0.0,0.0,0.0,4,0,L,True,1.0,15.000000000000002,1.7763568394002505e-15
L5,0.2884806530506292,0.2884806530506292,0.2748864819889802,0.2748864819889802,0.0,0.0,0.0,0.0,0.0,0.0,0.0,0.0,0.0,0.0,0.0,0.0,0.0,0.0,0.0,0.0,0.0,0.0,0.0,0.0,0.0,1.4125289839816295,0.0,1.832811360229358,0.0,0.0,0.0,0.0,2.4776132819534316,7.150312103756361,0.0,0.0,0.0,0.0,0.0,0.0,0.0,0.0,0.0,0.0,0.0,0.0,0.0,0.0,0.0,0.0,0.0,0.0,0.0,0.0,0.0,0.0,0.0,0.0,0.0,0.0,5,0,L,True,1.0,14.0,0.0
L6,0.0,0.0,0.0,0.0,0.0,0.0,0.0,0.0,0.0,0.0,0.0,0.0,0.0,0.0,0.0,0.0,0.0,0.0,0.0,0.0,0.0,0.0,0.0,0.0,0.0,0.0,0.0,0.0,0.0,0.04084540717917148,0.0,0.0,0.0,27.959154592820827,0.0,0.0,0.0,0.0,0.0,0.0,0.0,0.0,0.0,0.0,0.0,0.0,0.0,0.0,0.0,0.0,0.0,0.0,0.0,0.0,0.0,0.0,0.0,0.0,0.0,0.0,6,0,L,True,1.0,28.0,0.0
L7,0.0,0.0,0.0,0.0,0.0,0.0,0.0,0.0,8.333333333333334,8.333333333333334,8.333333333333334,0.0,0.0,0.0,0.0,0.0,0.0,0.0,0.0,0.0,0.0,0.0,0.0,0.0,0.0,0.0,0.0,0.0,0.0,0.0,0.0,0.0,0.0,0.0,0.0,0.0,0.0,0.0,0.0,0.0,0.0,0.0,0.0,0.0,0.0,0.0,0.0,0.0,0.0,0.0,0.0,0.0,0.0,0.0,0.0,0.0,0.0,0.0,0.0,0.0,7,0,L,True,1.0,25.0,0.0
L8,0.0,0.0,0.0,0.0,0.0,0.0,0.0,0.0,5.75439202570548,5.75439202570548,5.75439202570548,0.0,0.0,0.0,0.0,0.0,0.0,0.0,0.0,0.0,0.0,0.0,0.0,0.0,0.0,0.0,0.0,0.0,0.0,0.0,0.0,0.0,0.0,12.411847429560217,1.3071564106758813,0.0,4.017820082647465,0.0,0.0,0.0,0.0,0.0,0.0,0.0,0.0,0.0,0.0,0.0,0.0,0.0,0.0,0.0,0.0,0.0,0.0,0.0,0.0,0.0,0.0,0.0,8,0,L,True,1.0,35.00000000000001,7.105427357601002e-15
L9,0.0,0.0,0.0,0.0,0.3296056538214454,0.3296056538214454,0.18132615335825011,0.18132615335825011,0.22707924296901447,0.22707924296901447,0.22707924296901447,-4.306120015219166,-4.306120015219166,-4.306120015219166,0.0,0.0,0.0,0.0,0.0,0.0,0.0,0.0,0.0934704817949588,0.0934704817949588,0.2676837340667172,1.4653846823556629,0.0,0.0,0.5005774386627154,0.06774752679482911,0.0,1.7870983477624731,0.0,-1.528659353727677,0.05158287562828719,2.495709002017046,0.1585508145217887,23.95615751057957,23.95615751057957,-1.3567089435484154,-2.0202264895983055,0.0,-1.4348882552986815,-1.3378486619944292,0.0,0.0,0.0,0.0,0.0,0.0,0.0,0.0,0.0,0.0,0.0,0.0,0.0,0.0,0.0,0.0,9,0,L,True,1.0,36.0,0.0
L10,0.0,0.0,0.0,0.0,0.0,0.0,0.0,0.0,0.0,0.0,0.0,0.0,0.0,0.0,0.0,0.0,0.0,0.0,0.0,0.0,0.0,0.0,0.0,0.0,0.0,0.0,0.0,0.0,0.0,0.0,0.0,0.0,0.0,40.0,0.0,0.0,0.0,0.0,0.0,0.0,0.0,0.0,0.0,0.0,0.0,0.0,0.0,0.0,0.0,0.0,0.0,0.0,0.0,0.0,0.0,0.0,0.0,0.0,0.0,0.0,10,0,L,True,1.0,40.0,0.0
L13,0.0,0.0,0.0,0.0,0.0,0.0,0.0,0.0,0.0,0.0,0.0,18.0,18.0,18.0,0.0,0.0,0.0,0.0,0.0,0.0,0.0,0.0,0.0,0.0,0.0,0.0,0.0,0.0,0.0,0.0,0.0,0.0,0.0,0.0,0.0,0.0,0.0,0.0,0.0,0.0,0.0,0.0,0.0,0.0,0.0,0.0,0.0,0.0,0.0,0.0,0.0,0.0,0.0,0.0,0.0,0.0,0.0,0.0,0.0,0.0,13,0,L,True,1.0,54.0,0.0
L14,0.0,0.0,0.0,0.0,0.0,0.0,0.0,0.0,0.0,0.0,0.0,4.41948019907101,4.41948019907101,4.41948019907101,0.0,0.0,0.0,0.0,0.0,3.9937335310183255,2.5059227537439397,0.0,0.4932810838987662,0.4932810838987662,1.4126740329867529,0.0,0.0,0.0,0.0,0.0,0.0,0.0,0.0,2.815539957253077,0.0,0.0,0.0,0.0,0.0,1.892471869552282,2.8180117923374723,4.32447843927018,0.0,0.0,2.9524204825340514,0.0,0.0,0.0,0.0,0.3965750248399876,0.4367507104296094,0.14293933809981615,0.0,0.0,0.0,0.3849701661841396,0.3849701661841396,0.14676948527783604,0.14676948527783604,0.0,14,0,L,True,1.0,39.00000000000001,7.105427357601002e-15
L15,0.0,0.0,0.0,0.0,0.0,0.0,0.0,0.0,0.0,0.0,0.0,0.0,0.0,0.0,0.8828371156326725,0.8828371156326725,0.8828371156326725,0.8828371156326725,0.8828371156326725,5.4096715916760605,5.827560848007636,28.452172745443846,0.6681689315405872,0.6681689315405872,1.9135234049023544,0.0,0.0,0.0,0.0,0.0,0.0,0.0,0.0,0.0,0.0,0.0,0.0,0.0,0.0,0.0,0.0,0.0,0.0,0.0,0.0,1.852722526376934,4.501879890366902,4.501879890366902,0.0,0.5371767117617605,0.5915962826525779,0.19361704296139906,0.0,1.5135752146427215,1.5135752146427215,0.5214574671731138,0.5214574671731138,0.19880513030371835,0.19880513030371835,0.0,15,0,L,True,1.0,64.00000000000001,1.4210854715202004e-14
L16,0.0,0.0,0.0,0.0,0.0,0.0,0.0,0.0,0.0,0.0,0.0,0.0,0.0,0.0,0.0,0.0,0.0,0.0,0.0,7.302068039118663,4.581782511650972,0.0,0.9019059506758226,0.9019059506758226,2.582906902988891,0.0,0.0,0.0,0.0,0.0,0.0,0.0,0.0,0.0,0.0,0.0,0.0,0.0,0.0,0.0,0.0,0.0,0.0,0.0,0.0,0.0,0.0,0.0,0.0,0.7250903926127453,0.79854686821763,0.2613476247638653,0.0,0.0,0.0,0.7038722850872414,0.7038722850872414,0.2683505945605528,0.2683505945605528,0.0,16,0,L,True,1.0,20.0,0.0
L18,0.0,0.0,0.0,0.0,0.0,0.0,0.0,0.0,0.0,0.0,0.0,0.0,0.0,0.0,0.0,0.0,0.0,0.0,0.0,0.0,68.0,0.0,0.0,0.0,0.0,0.0,0.0,0.0,0.0,0.0,0.0,0.0,0.0,0.0,0.0,0.0,0.0,0.0,0.0,0.0,0.0,0.0,0.0,0.0,0.0,0.0,0.0,0.0,0.0,0.0,0.0,0.0,0.0,0.0,0.0,0.0,0.0,0.0,0.0,0.0,18,0,L,True,1.0,68.0,0.0
L19,0.0,0.0,0.0,0.0,0.0,0.0,0.0,0.0,0.0,0.0,0.0,0.0,0.0,0.0,0.0,0.0,0.0,0.0,0.0,0.0,0.0,0.0,5.27083443173684,5.27083443173684,15.094783029254017,0.0,0.0,0.0,0.0,0.0,0.0,0.0,0.0,0.0,0.0,0.0,0.0,0.0,0.0,0.0,0.0,0.0,0.0,0.0,0.0,0.0,0.0,0.0,0.0,0.0,0.0,0.0,0.0,0.0,0.0,4.113504598792283,4.113504598792283,1.56826945484387,1.56826945484387,0.0,19,0,L,True,1.0,37.00000000000001,7.105427357601002e-15
L20,0.0,0.0,0.0,0.0,0.0,0.0,0.0,0.0,0.0,0.0,0.0,0.0,0.0,0.0,0.0,0.0,0.0,0.0,0.0,0.0,0.0,0.0,4.762858896602903,4.762858896602903,13.640026560174547,0.0,0.0,0.0,0.0,0.0,0.0,0.0,0.0,0.0,0.0,0.0,0.0,0.0,0.0,0.0,0.0,0.0,0.0,0.0,0.0,0.0,0.0,0.0,0.0,0.0,0.0,0.0,0.0,0.0,0.0,0.0,0.0,1.417127823309826,1.417127823309826,0.0,20,0,L,True,1.0,26.000000000000007,7.105427357601002e-15
G1.1,5.497981503163465,0.0,0.0,0.0,0.0,0.0,0.0,0.0,0.0,0.0,0.0,0.0,0.0,0.0,0.0,0.0,0.0,0.0,0.0,0.0,0.0,0.0,0.0,0.0,0.0,0.0,0.0,0.0,0.0,0.0,0.0,0.0,0.0,0.0,0.0,0.0,0.0,0.0,0.0,0.0,0.0,0.0,0.0,0.0,0.0,0.0,0.0,0.0,0.0,0.0,0.0,0.0,0.0,0.0,0.0,0.0,0.0,0.0,0.0,0.0,0,1,G,True,1.0,5.497981503163465,0.0
G1.2,0.0,5.497981503163465,0.0,0.0,0.0,0.0,0.0,0.0,0.0,0.0,0.0,0.0,0.0,0.0,0.0,0.0,0.0,0.0,0.0,0.0,0.0,0.0,0.0,0.0,0.0,0.0,0.0,0.0,0.0,0.0,0.0,0.0,0.0,0.0,0.0,0.0,0.0,0.0,0.0,0.0,0.0,0.0,0.0,0.0,0.0,0.0,0.0,0.0,0.0,0.0,0.0,0.0,0.0,0.0,0.0,0.0,0.0,0.0,0.0,0.0,0,1,G,True,1.0,5.497981503163465,0.0
G1.3,0.0,0.0,5.238898267399058,0.0,0.0,0.0,0.0,0.0,0.0,0.0,0.0,0.0,0.0,0.0,0.0,0.0,0.0,0.0,0.0,0.0,0.0,0.0,0.0,0.0,0.0,0.0,0.0,0.0,0.0,0.0,0.0,0.0,0.0,0.0,0.0,0.0,0.0,0.0,0.0,0.0,0.0,0.0,0.0,0.0,0.0,0.0,0.0,0.0,0.0,0.0,0.0,0.0,0.0,0.0,0.0,0.0,0.0,0.0,0.0,0.0,0,1,G,True,1.0,5.238898267399058,0.0
G1.4,0.0,0.0,0.0,5.238898267399058,0.0,0.0,0.0,0.0,0.0,0.0,0.0,0.0,0.0,0.0,0.0,0.0,0.0,0.0,0.0,0.0,0.0,0.0,0.0,0.0,0.0,0.0,0.0,0.0,0.0,0.0,0.0,0.0,0.0,0.0,0.0,0.0,0.0,0.0,0.0,0.0,0.0,0.0,0.0,0.0,0.0,0.0,0.0,0.0,0.0,0.0,0.0,0.0,0.0,0.0,0.0,0.0,0.0,0.0,0.0,0.0,0,1,G,True,1.0,5.238898267399058,0.0
G2.1,0.0,0.0,0.0,0.0,5.050638297241658,0.0,0.0,0.0,0.0,0.0,0.0,0.0,0.0,0.0,0.0,0.0,0.0,0.0,0.0,0.0,0.0,0.0,0.0,0.0,0.0,0.0,0.0,0.0,0.0,0.0,0.0,0.0,0.0,0.0,0.0,0.0,0.0,0.0,0.0,0.0,0.0,0.0,0.0,0.0,0.0,0.0,0.0,0.0,0.0,0.0,0.0,0.0,0.0,0.0,0.0,0.0,0.0,0.0,0.0,0.0,0,2,G,True,1.0,5.050638297241658,0.0
G2.2,0.0,0.0,0.0,0.0,0.0,5.050638297241658,0.0,0.0,0.0,0.0,0.0,0.0,0.0,0.0,0.0,0.0,0.0,0.0,0.0,0.0,0.0,0.0,0.0,0.0,0.0,0.0,0.0,0.0,0.0,0.0,0.0,0.0,0.0,0.0,0.0,0.0,0.0,0.0,0.0,0.0,0.0,0.0,0.0,0.0,0.0,0.0,0.0,0.0,0.0,0.0,0.0,0.0,0.0,0.0,0.0,0.0,0.0,0.0,0.0,0.0,0,2,G,True,1.0,5.050638297241658,0.0
G2.3,0.0,0.0,0.0,0.0,0.0,0.0,2.7785106348291215,0.0,0.0,0.0,0.0,0.0,0.0,0.0,0.0,0.0,0.0,0.0,0.0,0.0,0.0,0.0,0.0,0.0,0.0,0.0,0.0,0.0,0.0,0.0,0.0,0.0,0.0,0.0,0.0,0.0,0.0,0.0,0.0,0.0,0.0,0.0,0.0,0.0,0.0,0.0,0.0,0.0,0.0,0.0,0.0,0.0,0.0,0.0,0.0,0.0,0.0,0.0,0.0,0.0,0,2,G,True,1.0,2.7785106348291215,0.0
G2.4,0.0,0.0,0.0,0.0,0.0,0.0,0.0,2.7785106348291215,0.0,0.0,0.0,0.0,0.0,0.0,0.0,0.0,0.0,0.0,0.0,0.0,0.0,0.0,0.0,0.0,0.0,0.0,0.0,0.0,0.0,0.0,0.0,0.0,0.0,0.0,0.0,0.0,0.0,0.0,0.0,0.0,0.0,0.0,0.0,0.0,0.0,0.0,0.0,0.0,0.0,0.0,0.0,0.0,0.0,0.0,0.0,0.0,0.0,0.0,0.0,0.0,0,2,G,True,1.0,2.7785106348291215,0.0
G7.1,0.0,0.0,0.0,0.0,0.0,0.0,0.0,0.0,17.279869127025048,0.0,0.0,0.0,0.0,0.0,0.0,0.0,0.0,0.0,0.0,0.0,0.0,0.0,0.0,0.0,0.0,0.0,0.0,0.0,0.0,0.0,0.0,0.0,0.0,0.0,0.0,0.0,0.0,0.0,0.0,0.0,0.0,0.0,0.0,0.0,0.0,0.0,0.0,0.0,0.0,0.0,0.0,0.0,0.0,0.0,0.0,0.0,0.0,0.0,0.0,0.0,0,7,G,True,1.0,17.279869127025048,0.0
G7.2,0.0,0.0,0.0,0.0,0.0,0.0,0.0,0.0,0.0,17.279869127025048,0.0,0.0,0.0,0.0,0.0,0.0,0.0,0.0,0.0,0.0,0.0,0.0,0.0,0.0,0.0,0.0,0.0,0.0,0.0,0.0,0.0,0.0,0.0,0.0,0.0,0.0,0.0,0.0,0.0,0.0,0.0,0.0,0.0,0.0,0.0,0.0,0.0,0.0,0.0,0.0,0.0,0.0,0.0,0.0,0.0,0.0,0.0,0.0,0.0,0.0,0,7,G,True,1.0,17.279869127025048,0.0
G7.3,0.0,0.0,0.0,0.0,0.0,0.0,0.0,0.0,0.0,0.0,17.279869127025048,0.0,0.0,0.0,0.0,0.0,0.0,0.0,0.0,0.0,0.0,0.0,0.0,0.0,0.0,0.0,0.0,0.0,0.0,0.0,0.0,0.0,0.0,0.0,0.0,0.0,0.0,0.0,0.0,0.0,0.0,0.0,0.0,0.0,0.0,0.0,0.0,0.0,0.0,0.0,0.0,0.0,0.0,0.0,0.0,0.0,0.0,0.0,0.0,0.0,0,7,G,True,1.0,17.279869127025048,0.0
G13.1,0.0,0.0,0.0,0.0,0.0,0.0,0.0,0.0,0.0,0.0,0.0,44.66384363471016,0.0,0.0,0.0,0.0,0.0,0.0,0.0,0.0,0.0,0.0,0.0,0.0,0.0,0.0,0.0,0.0,0.0,0.0,0.0,0.0,0.0,0.0,0.0,0.0,0.0,0.0,0.0,0.0,0.0,0.0,0.0,0.0,0.0,0.0,0.0,0.0,0.0,0.0,0.0,0.0,0.0,0.0,0.0,0.0,0.0,0.0,0.0,0.0,0,13,G,True,1.0,44.66384363471016,0.0
G13.2,0.0,0.0,0.0,0.0,0.0,0.0,0.0,0.0,0.0,0.0,0.0,0.0,44.66384363471016,0.0,0.0,0.0,0.0,0.0,0.0,0.0,0.0,0.0,0.0,0.0,0.0,0.0,0.0,0.0,0.0,0.0,0.0,0.0,0.0,0.0,0.0,0.0,0.0,0.0,0.0,0.0,0.0,0.0,0.0,0.0,0.0,0.0,0.0,0.0,0.0,0.0,0.0,0.0,0.0,0.0,0.0,0.0,0.0,0.0,0.0,0.0,0,13,G,True,1.0,44.66384363471016,0.0
G13.3,0.0,0.0,0.0,0.0,0.0,0.0,0.0,0.0,0.0,0.0,0.0,0.0,0.0,44.66384363471016,0.0,0.0,0.0,0.0,0.0,0.0,0.0,0.0,0.0,0.0,0.0,0.0,0.0,0.0,0.0,0.0,0.0,0.0,0.0,0.0,0.0,0.0,0.0,0.0,0.0,0.0,0.0,0.0,0.0,0.0,0.0,0.0,0.0,0.0,0.0,0.0,0.0,0.0,0.0,0.0,0.0,0.0,0.0,0.0,0.0,0.0,0,13,G,True,1.0,44.66384363471016,0.0
G15.1,0.0,0.0,0.0,0.0,0.0,0.0,0.0,0.0,0.0,0.0,0.0,0.0,0.0,0.0,1.7267062498822014,0.0,0.0,0.0,0.0,0.0,0.0,0.0,0.0,0.0,0.0,0.0,0.0,0.0,0.0,0.0,0.0,0.0,0.0,0.0,0.0,0.0,0.0,0.0,0.0,0.0,0.0,0.0,0.0,0.0,0.0,0.0,0.0,0.0,0.0,0.0,0.0,0.0,0.0,0.0,0.0,0.0,0.0,0.0,0.0,0.0,0,15,G,True,1.0,1.7267062498822014,0.0
G15.2,0.0,0.0,0.0,0.0,0.0,0.0,0.0,0.0,0.0,0.0,0.0,0.0,0.0,0.0,0.0,1.7267062498822014,0.0,0.0,0.0,0.0,0.0,0.0,0.0,0.0,0.0,0.0,0.0,0.0,0.0,0.0,0.0,0.0,0.0,0.0,0.0,0.0,0.0,0.0,0.0,0.0,0.0,0.0,0.0,0.0,0.0,0.0,0.0,0.0,0.0,0.0,0.0,0.0,0.0,0.0,0.0,0.0,0.0,0.0,0.0,0.0,0,15,G,True,1.0,1.7267062498822014,0.0
G15.3,0.0,0.0,0.0,0.0,0.0,0.0,0.0,0.0,0.0,0.0,0.0,0.0,0.0,0.0,0.0,0.0,1.7267062498822014,0.0,0.0,0.0,0.0,0.0,0.0,0.0,0.0,0.0,0.0,0.0,0.0,0.0,0.0,0.0,0.0,0.0,0.0,0.0,0.0,0.0,0.0,0.0,0.0,0.0,0.0,0.0,0.0,0.0,0.0,0.0,0.0,0.0,0.0,0.0,0.0,0.0,0.0,0.0,0.0,0.0,0.0,0.0,0,15,G,True,1.0,1.7267062498822014,0.0
G15.4,0.0,0.0,0.0,0.0,0.0,0.0,0.0,0.0,0.0,0.0,0.0,0.0,0.0,0.0,0.0,0.0,0.0,1.7267062498822014,0.0,0.0,0.0,0.0,0.0,0.0,0.0,0.0,0.0,0.0,0.0,0.0,0.0,0.0,0.0,0.0,0.0,0.0,0.0,0.0,0.0,0.0,0.0,0.0,0.0,0.0,0.0,0.0,0.0,0.0,0.0,0.0,0.0,0.0,0.0,0.0,0.0,0.0,0.0,0.0,0.0,0.0,0,15,G,True,1.0,1.7267062498822014,0.0
G15.5,0.0,0.0,0.0,0.0,0.0,0.0,0.0,0.0,0.0,0.0,0.0,0.0,0.0,0.0,0.0,0.0,0.0,0.0,1.7267062498822014,0.0,0.0,0.0,0.0,0.0,0.0,0.0,0.0,0.0,0.0,0.0,0.0,0.0,0.0,0.0,0.0,0.0,0.0,0.0,0.0,0.0,0.0,0.0,0.0,0.0,0.0,0.0,0.0,0.0,0.0,0.0,0.0,0.0,0.0,0.0,0.0,0.0,0.0,0.0,0.0,0.0,0,15,G,True,1.0,1.7267062498822014,0.0
G16,0.0,0.0,0.0,0.0,0.0,0.0,0.0,0.0,0.0,0.0,0.0,0.0,0.0,0.0,0.0,0.0,0.0,0.0,0.0,44.40229924063017,0.0,0.0,0.0,0.0,0.0,0.0,0.0,0.0,0.0,0.0,0.0,0.0,0.0,0.0,0.0,0.0,0.0,0.0,0.0,0.0,0.0,0.0,0.0,0.0,0.0,0.0,0.0,0.0,0.0,0.0,0.0,0.0,0.0,0.0,0.0,0.0,0.0,0.0,0.0,0.0,0,16,G,True,1.0,44.40229924063017,0.0
G18,0.0,0.0,0.0,0.0,0.0,0.0,0.0,0.0,0.0,0.0,0.0,0.0,0.0,0.0,0.0,0.0,0.0,0.0,0.0,0.0,138.72865126334017,0.0,0.0,0.0,0.0,0.0,0.0,0.0,0.0,0.0,0.0,0.0,0.0,0.0,0.0,0.0,0.0,0.0,0.0,0.0,0.0,0.0,0.0,0.0,0.0,0.0,0.0,0.0,0.0,0.0,0.0,0.0,0.0,0.0,0.0,0.0,0.0,0.0,0.0,0.0,0,18,G,True,1.0,138.72865126334017,0.0
G21,0.0,0.0,0.0,0.0,0.0,0.0,0.0,0.0,0.0,0.0,0.0,0.0,0.0,0.0,0.0,0.0,0.0,0.0,0.0,0.0,0.0,106.90594722905846,0.0,0.0,0.0,0.0,0.0,0.0,0.0,0.0,0.0,0.0,0.0,0.0,0.0,0.0,0.0,0.0,0.0,0.0,0.0,0.0,0.0,0.0,0.0,0.0,0.0,0.0,0.0,0.0,0.0,0.0,0.0,0.0,0.0,0.0,0.0,0.0,0.0,0.0,0,21,G,True,1.0,106.90594722905846,0.0
G23.1,0.0,0.0,0.0,0.0,0.0,0.0,0.0,0.0,0.0,0.0,0.0,0.0,0.0,0.0,0.0,0.0,0.0,0.0,0.0,0.0,0.0,0.0,27.876594906733033,0.0,0.0,0.0,0.0,0.0,0.0,0.0,0.0,0.0,0.0,0.0,0.0,0.0,0.0,0.0,0.0,0.0,0.0,0.0,0.0,0.0,0.0,0.0,0.0,0.0,0.0,0.0,0.0,0.0,0.0,0.0,0.0,0.0,0.0,0.0,0.0,0.0,0,23,G,True,1.0,27.876594906733033,0.0
G23.2,0.0,0.0,0.0,0.0,0.0,0.0,0.0,0.0,0.0,0.0,0.0,0.0,0.0,0.0,0.0,0.0,0.0,0.0,0.0,0.0,0.0,0.0,0.0,27.876594906733033,0.0,0.0,0.0,0.0,0.0,0.0,0.0,0.0,0.0,0.0,0.0,0.0,0.0,0.0,0.0,0.0,0.0,0.0,0.0,0.0,0.0,0.0,0.0,0.0,0.0,0.0,0.0,0.0,0.0,0.0,0.0,0.0,0.0,0.0,0.0,0.0,0,23,G,True,1.0,27.876594906733033,0.0
G23.3,0.0,0.0,0.0,0.0,0.0,0.0,0.0,0.0,0.0,0.0,0.0,0.0,0.0,0.0,0.0,0.0,0.0,0.0,0.0,0.0,0.0,0.0,0.0,0.0,79.8338777590637,0.0,0.0,0.0,0.0,0.0,0.0,0.0,0.0,0.0,0.0,0.0,0.0,0.0,0.0,0.0,0.0,0.0,0.0,0.0,0.0,0.0,0.0,0.0,0.0,0.0,0.0,0.0,0.0,0.0,0.0,0.0,0.0,0.0,0.0,0.0,0,23,G,True,1.0,79.8338777590637,0.0
G14,0.0,0.0,0.0,0.0,0.0,0.0,0.0,0.0,0.0,0.0,0.0,3.141681531969801,3.141681531969801,3.141681531969801,0.0,0.0,0.0,0.0,0.0,2.8390304544516898,1.7813885075523437,0.0,0.35065935393953307,0.35065935393953307,1.0042293935519153,0.0,0.0,0.0,0.0,0.0,0.0,0.0,0.0,2.0014864843346043,0.0,0.0,0.0,0.0,0.0,1.345303894244065,2.0032436408971233,3.074147509680565,0.0,0.0,2.0987909181121234,0.0,0.0,0.0,0.0,0.28191379426072527,0.3104735351727157,0.10161146978202905,0.0,0.0,0.0,0.27366423357079134,0.27366423357079134,0.10433421139685532,0.10433421139685532,0.0,14,0,L,True,1.0,27.723979795763658,3.552713678800501e-15
G15.6,0.0,0.0,0.0,0.0,0.0,0.0,0.0,0.0,0.0,0.0,0.0,0.0,0.0,0.0,0.173643456289019,0.173643456289019,0.173643456289019,0.173643456289019,0.173643456289019,1.0640174228447286,1.146211220013599,5.596200620666626,0.13142080300339679,0.13142080300339679,0.37636706911564277,0.0,0.0,0.0,0.0,0.0,0.0,0.0,0.0,0.0,0.0,0.0,0.0,0.0,0.0,0.0,0.0,0.0,0.0,0.0,0.0,0.36440826663032044,0.8854656992996143,0.8854656992996143,0.0,0.10565620680938005,0.11635988273319403,0.03808214668476334,0.0,0.2977020641407991,0.2977020641407991,0.10256442021331132,0.10256442021331132,0.03910258114735844,0.03910258114735844,0.0,15,0,L,True,1.0,12.588031252552309,3.552713678800501e-15
G22.1,0.0,0.0,0.0,0.0,0.0,0.0,0.0,0.0,0.0,0.0,0.0,0.0,0.0,0.0,0.0,0.0,0.0,0.0,0.0,0.0,-0.015183990370900416,1.2510676884597458,0.0,0.0,0.0,0.0,0.0,0.0,0.0,0.0,0.0,0.0,0.0,0.0,0.0,0.0,0.0,0.0,0.0,0.0,0.0,0.0,0.0,0.0,0.0,0.0,0.0,0.0,0.0,0.0,0.0,-0.006968848484784241,1.6722088101199386,0.06655326684659821,0.06655326684659821,0.0,0.0,0.0,0.0,1.8899778068359836,22,0,L,True,1.0,4.92420800025318,0.0
E14.S11,0.0,0.0,0.0,0.0,0.0,0.0,0.0,0.0,0.0,0.0,0.0,7.227785744422407,7.227785744422407,7.227785744422407,0.0,0.0,0.0,0.0,0.0,0.0,0.0,0.0,0.0,0.0,0.0,0.0,0.0,0.0,0.0,0.0,0.0,0.0,0.0,4.604640964374753,0.0,0.0,0.0,0.0,0.0,3.095020360843713,4.60868349733809,0.0,0.0,0.0,0.0,0.0,0.0,0.0,0.0,0.0,0.0,0.0,0.0,0.0,0.0,0.0,0.0,0.0,0.0,0.0,11,0,L,True,1.0,33.99170205582378,7.105427357601002e-15
E15.S12,0.0,0.0,0.0,0.0,0.0,0.0,0.0,0.0,0.0,0.0,0.0,6.921337077143083,6.921337077143083,6.921337077143083,0.0,0.0,0.0,0.0,0.0,0.0,0.0,0.0,-0.5685869664430206,-0.5685869664430206,-1.6283374108738549,0.0,0.0,0.0,0.0,0.0,0.0,0.0,0.0,0.0,0.0,0.0,0.0,0.0,0.0,0.0,0.0,0.0,8.728517758736942,8.138219656895927,0.0,0.0,0.0,0.0,0.0,0.0,0.0,0.0,0.0,0.0,0.0,0.0,0.0,0.0,0.0,0.0,12,0,L,True,1.0,34.86523730330222,0.0
E16.S11,0.0,0.0,0.0,0.0,0.0,0.0,0.0,0.0,0.0,0.0,0.0,4.865764259317058,4.865764259317058,4.865764259317058,0.0,0.0,0.0,0.0,0.0,0.0,0.0,0.0,0.0,0.0,0.0,0.0,0.0,0.0,0.0,0.0,0.0,0.0,0.0,3.0998563354941226,0.0,0.0,0.0,0.0,0.0,2.0835757984764918,3.102577779253755,0.0,0.0,0.0,0.0,0.0,0.0,0.0,0.0,0.0,0.0,0.0,0.0,0.0,0.0,0.0,0.0,0.0,0.0,0.0,11,0,L,True,1.0,22.883302691175544,3.552713678800501e-15
E7,0.3289369956476654,0.3289369956476654,0.31343638671582663,0.31343638671582663,0.018068660930647507,0.018068660930647507,0.009940123128663525,0.009940123128663525,0.012448262940956528,0.012448262940956528,0.012448262940956528,-0.23605730538778602,-0.23605730538778602,-0.23605730538778602,0.0,0.0,0.0,0.0,0.0,0.0,0.0,0.0,0.005123960778574139,0.005123960778574139,0.014674161597122573,1.6909521079442182,0.8085045343546475,0.0,0.027441167661609207,0.003713853437747307,0.43962685656721917,0.09796699092101428,0.0,-0.08379961696873972,0.002827723003987624,0.13681233685220448,0.008691601235166034,1.3132532231814638,1.3132532231814638,-0.07437346294985896,-0.11074684860666387,0.0,-0.07865917667906636,-0.0733395606836068,0.0,0.0,0.0,0.0,0.0,0.0,0.0,0.0,0.0,0.0,0.0,0.0,0.0,0.0,0.0,0.0,3,0,L,True,1.0,6.116984241112195,0.0
E7,0.0,0.0,0.0,0.0,0.0,0.0,0.0,0.0,0.0,0.0,0.0,0.0,0.0,0.0,0.36189393359123745,0.36189393359123745,0.36189393359123745,0.36189393359123745,0.36189393359123745,2.217540809150783,2.388842608884217,11.66315793903512,0.2738968249713769,0.2738968249713769,0.7843944253779433,0.0,0.0,0.0,0.0,0.0,0.0,0.0,0.0,0.0,0.0,0.0,0.0,0.0,0.0,0.0,0.0,0.0,0.0,0.0,0.0,0.7594708367501601,1.8454174538330574,1.8454174538330574,8.244671569846226,0.22020029494767582,0.24250804824134153,0.07936779282029902,0.0,0.6204470547443128,0.6204470547443128,0.21375663829059083,0.21375663829059083,0.08149450147683453,0.08149450147683453,0.0,24,0,L,True,1.0,34.47964893964229,-7.105427357601002e-15
E17,0.0,0.0,0.0,0.0,0.0,0.0,0.0,0.0,0.0,0.0,0.0,0.0,0.0,0.0,0.0,0.0,0.0,0.0,0.0,0.0,0.0,0.0,0.0,0.0,0.0,0.0,0.0,0.0,0.0,0.0,0.0,0.0,0.0,23.177100743676487,0.0,0.0,0.0,0.0,0.0,0.0,0.0,0.0,0.0,0.0,0.0,0.0,0.0,0.0,0.0,0.0,0.0,0.0,0.0,0.0,0.0,0.0,0.0,0.0,0.0,0.0,10,0,L,True,1.0,23.177100743676487,0.0
E17,0.0,0.0,0.0,0.0,0.0,0.0,0.0,0.0,0.0,0.0,0.0,0.04166235650107739,0.04166235650107739,0.04166235650107739,0.0,0.0,0.0,0.0,0.0,0.0,0.0,0.0,-0.0034225573229259942,-0.0034225573229259942,-0.009801628350091903,0.0,0.0,0.0,0.0,0.0,0.0,0.0,0.0,0.0,0.0,0.0,0.0,0.0,0.0,0.0,0.0,0.0,0.05254051558786201,0.04898727006800056,0.0,0.0,0.0,0.0,0.0,0.0,0.0,0.0,0.0,0.0,0.0,0.0,0.0,0.0,0.0,0.0,12,0,L,True,1.0,0.20986811216315088,2.7755575615628914e-17
E22,0.0,0.0,0.0,0.0,0.0,0.0,0.0,0.0,0.0,0.0,0.0,1.6990674444410876,1.6990674444410876,1.6990674444410876,0.0,0.0,0.0,0.0,0.0,0.0,0.0,0.0,0.0,0.0,0.0,0.0,0.0,0.0,0.0,0.0,0.0,0.0,0.0,0.0,0.0,0.0,0.0,0.0,0.0,0.0,0.0,0.0,0.0,0.0,0.0,0.0,0.0,0.0,0.0,0.0,0.0,0.0,0.0,0.0,0.0,0.0,0.0,0.0,0.0,0.0,13,0,L,True,1.0,5.097202333323263,-8.881784197001252e-16
E22,0.0,0.0,0.0,0.0,0.0,0.0,0.0,0.0,0.0,0.0,0.0,0.0,0.0,0.0,0.0,0.0,0.0,0.0,0.0,0.0,0.0,0.0,3.660371131630971,3.660371131630971,10.48268708761314,0.0,0.0,0.0,0.0,0.0,0.0,0.0,0.0,0.0,0.0,0.0,0.0,0.0,0.0,0.0,0.0,0.0,0.0,0.0,0.0,0.0,0.0,0.0,0.0,0.0,0.0,0.0,0.0,0.0,0.0,0.0,0.0,0.0,0.0,0.0,23,0,L,True,1.0,17.80342935087508,0.0
S6,0.0,0.0,0.0,0.0,0.0,0.0,0.0,0.0,0.0,0.0,0.0,0.0,0.0,0.0,0.0,0.0,0.0,0.0,0.0,0.0,0.0,0.0,0.0,0.0,0.0,0.0,0.0,0.0,0.0,0.14951684599177825,0.0,0.0,0.0,102.34601390990238,0.0,0.0,0.0,0.0,0.0,0.0,0.0,0.0,0.0,0.0,0.0,0.0,0.0,0.0,0.0,0.0,0.0,0.0,0.0,0.0,0.0,0.0,0.0,0.0,0.0,0.0,6,0,L,True,1.0,102.49553075589417,0.0
